label,text
diabetes,Tingling in hands and feet with excessive thirst and frequent urination. This has been going on for 14 weeks now. it fluctuates throughout the day.
Malaria,Recurring fever every two days with shaking chills and body aches. I noticed this around 11 days back.
Typhoid,Persistent fever with body aches chills and no energy to do anything. It's affecting my daily routine. it's moderate in intensity.
Pneumonia,persistent cough with rust-colored sputum fever and shortness of breath. i noticed this around 6 days back.
Varicose veins,my ankles swell by evening and i can see enlarged veins on my thighs. it's moderate in intensity. this has been going on for 14 weeks now.
peptic ulcer disease,Burning stomach pain that gets worse when hungry and better after eating. it comes and goes. It's affecting my daily routine.
Fungal infection,Itchy moist area in skin folds with reddish discoloration. I noticed this around 6 days back. It's affecting my daily routine.
allergy,itchy red welts on skin with swelling and difficulty breathing. it started 6 days ago and hasn't improved. i also feel generally unwell.
Pneumonia,Sharp pain in chest when coughing high temperature and extreme fatigue. I noticed this around 5 days back.
Malaria,Intermittent fever with chills nausea vomiting and muscle pain. it's moderate in intensity. I've been feeling this way for about 3 days. I've been more tired than usual.
Jaundice,Yellow discoloration of skin with itching and clay-colored stools. It's affecting my daily routine. It started 2 days ago and hasn't improved.
Psoriasis,I noticed reddish spots with silvery buildup on my lower back and legs. It started 10 days ago and hasn't improved.
Psoriasis,Burning sensation on scaly red patches near my hairline and behind ears. I've been more tired than usual.
Jaundice,eyes are yellow with upper abdominal pain and general weakness. i had something similar years ago.
Impetigo,Red painful sores that became crusty and are spreading to other areas. I've been feeling this way for about 14 days. it's getting progressively worse.
Chicken pox,clusters of blisters at different stages with extreme itchiness and tiredness. the symptoms are worsening daily. this has been going on for 7 weeks now. i'm quite worried about it.
Arthritis,Swollen painful joints in my hands and knees with reduced range of motion. I've been feeling this way for about 12 days. I had something similar years ago.
Cervical spondylosis,stiff neck with grinding sensation and headaches starting from the back of head. it's mild but persistent. i'm quite worried about it.
Jaundice,My skin and eyes have turned yellow with dark urine and pale stools. I've been feeling this way for about 10 days. I tried home remedies but nothing helps. the symptoms are worsening daily.
Pneumonia,Difficulty breathing with productive cough fever and sharp chest pain. It's affecting my daily routine. I've been feeling this way for about 6 days.
Common Cold,Runny nose sore throat and general feeling of being unwell. the symptoms are worsening daily.
Bronchial Asthma,episodes of difficulty breathing with audible wheeze triggered by allergens. i've been feeling this way for about 4 days.
Hypertension,Frequent dizziness headaches and shortness of breath on exertion. it's mild but persistent. I noticed this around 5 days back.
Fungal infection,Ring-shaped rash on my groin area with burning and peeling skin. It started 6 days ago and hasn't improved.
Typhoid,Persistent fever with body aches chills and no energy to do anything. My family member had similar symptoms. It started 6 days ago and hasn't improved. it comes and goes.
Dengue,Fever with intense joint pain nausea vomiting and fatigue. it's mild but persistent. I noticed this around 13 days back.
Hypertension,I have frequent headaches dizziness and my blood pressure readings are high. I haven't been sleeping well because of this. This has been going on for 7 weeks now.
Acne,persistent acne on face and back with scarring from old breakouts. it fluctuates throughout the day. it started 11 days ago and hasn't improved.
Common Cold,Stuffy nose with clear watery discharge and scratchy throat. it fluctuates throughout the day. I tried home remedies but nothing helps. I've been feeling this way for about 6 days.
Acne,Deep painful cysts under the skin with multiple blackheads on nose. it's moderate in intensity. This has been going on for 11 weeks now.
Common Cold,Runny nose sore throat and general feeling of being unwell. it's moderate in intensity. This has been going on for 7 weeks now.
Malaria,recurring fever every two days with shaking chills and body aches. it's getting progressively worse. my appetite has decreased.
Hypertension,frequent dizziness headaches and shortness of breath on exertion. my appetite has decreased. the symptoms are worsening daily.
Migraine,Pounding headache with extreme light sensitivity and need to lie in dark room. it's mild but persistent. I noticed this around 8 days back.
Common Cold,runny nose sore throat and general feeling of being unwell.
Acne,hormonal breakouts along jawline with deep nodular lesions. this has been going on for 2 weeks now. i haven't been sleeping well because of this.
Pneumonia,Chest tightness with painful breathing rapid heartbeat and cough with phlegm. My family member had similar symptoms. I noticed this around 14 days back. it's quite severe.
Varicose veins,bulging blue purple veins on my calves with occasional cramping at night. it's getting progressively worse.
Fungal infection,My feet have peeling itchy skin between the toes with a bad smell. it fluctuates throughout the day. It started 4 days ago and hasn't improved.
Hypertension,Feeling of pressure in my head with fatigue and elevated BP readings. I've been feeling this way for about 1 days.
drug reaction,I developed a rash and itching all over after starting a new medication.
Typhoid,high grade fever with headache lethargy and greenish loose stools. the symptoms are worsening daily. this is the first time i've had this.
peptic ulcer disease,Burning abdominal pain with loss of appetite and unintentional weight loss. I had something similar years ago. I've been feeling this way for about 11 days.
Common Cold,nasal congestion watery eyes and occasional sneezing fits. i've been feeling this way for about 11 days.
allergy,nasal congestion with itchy watery eyes and scratchy throat from pet dander. it's affecting my daily routine. it's mild but persistent.
Fungal infection,Circular rash with clear center and red scaly border on my torso. it comes and goes.
Common Cold,persistent sneezing with congestion and post-nasal drip. i noticed this around 14 days back.
Psoriasis,"i have red, scaly patches on my elbows and knees that are very itchy. i also feel generally unwell. it started 1 days ago and hasn't improved."
Psoriasis,My nails have become pitted and ridged and I have plaques on my arms. I've been feeling this way for about 5 days.
Impetigo,crusty skin lesions near mouth and chin that appeared after a scratch.
Migraine,Pounding headache with extreme light sensitivity and need to lie in dark room. I've been more tired than usual. it's quite severe.
peptic ulcer disease,recurring gnawing abdominal pain with nausea and feeling of fullness. it's getting progressively worse. i've been feeling this way for about 11 days. i'm quite worried about it.
Common Cold,runny nose sore throat and general feeling of being unwell. it started 6 days ago and hasn't improved. it's quite severe.
Chicken pox,Clusters of blisters at different stages with extreme itchiness and tiredness. This has been going on for 11 weeks now. it's getting progressively worse.
peptic ulcer disease,burning abdominal pain with loss of appetite and unintentional weight loss. it comes and goes. i've been feeling this way for about 7 days.
Fungal infection,i have circular red patches on my skin with raised edges that are itchy. i noticed this around 11 days back.
allergy,allergic reaction with swollen lips itching and red blotchy skin. i noticed this around 9 days back. it's moderate in intensity.
diabetes,Increased appetite with weight loss blurry vision and slow wound healing. it's moderate in intensity. My family member had similar symptoms. I noticed this around 7 days back.
gastroesophageal reflux disease,Burning sensation in my chest after eating with acid taste in mouth. My family member had similar symptoms.
Common Cold,Nasal congestion watery eyes and occasional sneezing fits. I tried home remedies but nothing helps. I noticed this around 12 days back.
Fungal infection,My feet have peeling itchy skin between the toes with a bad smell. I've been feeling this way for about 9 days.
Chicken pox,clusters of blisters at different stages with extreme itchiness and tiredness. it's quite severe. this is the first time i've had this.
Impetigo,Small blisters that break open and weep fluid forming thick crusts. it's mild but persistent.
Varicose veins,bulging blue purple veins on my calves with occasional cramping at night. this has been going on for 9 weeks now. it's mild but persistent.
Chicken pox,clusters of blisters at different stages with extreme itchiness and tiredness. i've been feeling this way for about 9 days. it comes and goes.
allergy,I have watery eyes runny nose sneezing and itchy throat after exposure to dust. it's quite severe.
Varicose veins,I have throbbing pain in my legs with spider veins spreading on my shins. It started 14 days ago and hasn't improved. My appetite has decreased.
Pneumonia,Severe cough with greenish phlegm high fever and chest pain when breathing. It's affecting my daily routine. I noticed this around 2 days back.
Arthritis,joint pain and stiffness that gets worse with cold weather and inactivity. it started 1 days ago and hasn't improved.
Dimorphic hemorrhoids(piles),burning sensation with blood in stool and tender lumps near rectum. it started 14 days ago and hasn't improved.
Pneumonia,i can barely breathe with fever chills and coughing up thick mucus.
Typhoid,i've had fever for days with constipation then diarrhea and rose spots on chest. i had something similar years ago.
diabetes,unexplained weight loss with constant hunger tiredness and blurred vision. it fluctuates throughout the day. i noticed this around 5 days back.
Varicose veins,My ankles swell by evening and I can see enlarged veins on my thighs. I noticed this around 2 days back.
Varicose veins,Bulging blue purple veins on my calves with occasional cramping at night. My family member had similar symptoms. I've been feeling this way for about 14 days. it fluctuates throughout the day.
Pneumonia,difficulty breathing with productive cough fever and sharp chest pain. it comes and goes.
Chicken pox,Small fluid-filled blisters appeared on my chest face and back with itching. I noticed this around 3 days back.
Varicose veins,my ankles swell by evening and i can see enlarged veins on my thighs. i noticed this around 12 days back. the symptoms are worsening daily.
urinary tract infection,urgency to urinate with dysuria and suprapubic discomfort. it's getting progressively worse. this has been going on for 2 weeks now.
Malaria,High fever with rigors profuse sweating and extreme fatigue. I've been feeling this way for about 13 days.
diabetes,Constant fatigue with increased hunger frequent urination and blurry vision. it fluctuates throughout the day. It started 4 days ago and hasn't improved.
Impetigo,Spreading sores with yellow scabs on face that are mildly itchy. This has been going on for 9 weeks now.
Jaundice,My urine is very dark and skin looks yellowish with loss of appetite. it's quite severe. I've been feeling this way for about 9 days. My appetite has decreased.
Typhoid,I've had fever for days with constipation then diarrhea and rose spots on chest. it's quite severe. It started 4 days ago and hasn't improved.
Arthritis,My joints are stiff and painful especially in the morning and it takes hours to loosen up. I've been feeling this way for about 9 days.
gastroesophageal reflux disease,burning sensation in my chest after eating with acid taste in mouth. i've been feeling this way for about 3 days. it fluctuates throughout the day.
drug reaction,Hives and swelling with itching that started after medication change. It started 3 days ago and hasn't improved. I tried home remedies but nothing helps. it's mild but persistent.
Chicken pox,i have itchy red blisters all over my body with mild fever. i tried home remedies but nothing helps.
gastroesophageal reflux disease,Burning in upper abdomen and chest with acidic taste especially at night. I've been feeling this way for about 12 days. I've been more tired than usual.
Bronchial Asthma,tight chest with shortness of breath and whistling sound when exhaling. it started 11 days ago and hasn't improved. it's affecting my daily routine.
Arthritis,My knees and fingers are swollen tender and difficult to move. the symptoms are worsening daily. I noticed this around 12 days back.
Dimorphic hemorrhoids(piles),pain during bowel movements with bright red blood and anal swelling. it comes and goes. my family member had similar symptoms.
Dengue,High fever for three days with extreme fatigue joint pain and nausea. I haven't been sleeping well because of this. I've been feeling this way for about 1 days. it comes and goes.
Common Cold,runny nose sore throat and general feeling of being unwell. my appetite has decreased. this has been going on for 9 weeks now.
gastroesophageal reflux disease,Persistent heartburn with globus sensation and epigastric burning. it's mild but persistent. I haven't been sleeping well because of this.
Hypertension,frequent dizziness headaches and shortness of breath on exertion. i've been feeling this way for about 1 days.
Arthritis,Bilateral joint swelling with tenderness and difficulty gripping objects. I'm quite worried about it. it's moderate in intensity. This has been going on for 3 weeks now.
urinary tract infection,i need to urinate constantly but only small amounts come out with burning. i noticed this around 9 days back. it fluctuates throughout the day. i also feel generally unwell.
Dengue,severe fever with break-bone pain rash and swollen lymph nodes. my family member had similar symptoms.
Typhoid,week-long fever with coated tongue muscle pain and general malaise. it's mild but persistent. i noticed this around 3 days back.
Acne,red inflamed papules and pustules on cheeks with excess oil production. it started 6 days ago and hasn't improved.
Typhoid,Fever that won't go down with poor appetite nausea and abdominal tenderness. I had something similar years ago.
Migraine,unilateral throbbing headache with nausea vomiting and phonophobia. it started 7 days ago and hasn't improved.
Varicose veins,My legs have swollen twisted veins that are very visible and painful. It started 5 days ago and hasn't improved. it's getting progressively worse.
Malaria,High fever alternating with chills and sweats with body pain and nausea. I've been feeling this way for about 5 days. This is the first time I've had this.
Migraine,Unilateral throbbing headache with nausea vomiting and phonophobia. It started 4 days ago and hasn't improved.
peptic ulcer disease,Epigastric pain that wakes me up at night with acid reflux. the symptoms are worsening daily.
urinary tract infection,stinging pain when peeing with dark cloudy urine and back pain. it's mild but persistent. i also feel generally unwell.
diabetes,i'm always thirsty urinating frequently and losing weight despite eating well.
urinary tract infection,burning urination with blood in urine and lower abdominal pain. this has been going on for 14 weeks now. i had something similar years ago.
Common Cold,stuffy nose with clear watery discharge and scratchy throat. it's mild but persistent. this has been going on for 2 weeks now. my appetite has decreased.
Malaria,intermittent fever with chills nausea vomiting and muscle pain. this has been going on for 9 weeks now. my family member had similar symptoms.
Chicken pox,my child has itchy vesicles on the trunk and face with low grade fever. it started 2 days ago and hasn't improved.
allergy,Sneezing fits with nasal congestion itchy eyes triggered by pollen. it comes and goes.
Bronchial Asthma,Shortness of breath with chest constriction and persistent dry cough. I had something similar years ago. This has been going on for 2 weeks now.
gastroesophageal reflux disease,frequent heartburn with belching bloating and chest discomfort. it's moderate in intensity. i've been feeling this way for about 6 days. i'm quite worried about it.
Impetigo,my child has honey-colored crusty sores spreading on the face and hands. i tried home remedies but nothing helps. the symptoms are worsening daily. this has been going on for 3 weeks now.
Chicken pox,i have itchy red blisters all over my body with mild fever. it started 9 days ago and hasn't improved.
Migraine,pounding headache with extreme light sensitivity and need to lie in dark room. i noticed this around 3 days back. i also feel generally unwell.
Chicken pox,widespread itchy rash with blisters crusting over and new ones appearing. i've been feeling this way for about 2 days. i haven't been sleeping well because of this.
Arthritis,swollen painful joints in my hands and knees with reduced range of motion. it's getting progressively worse. i've been feeling this way for about 1 days.
urinary tract infection,Constant urge to urinate with burning sensation and mild fever. I noticed this around 8 days back. I haven't been sleeping well because of this.
gastroesophageal reflux disease,burning sensation in my chest after eating with acid taste in mouth. i tried home remedies but nothing helps. it started 2 days ago and hasn't improved.
drug reaction,i developed a rash and itching all over after starting a new medication. it started 13 days ago and hasn't improved.
Pneumonia,severe cough with greenish phlegm high fever and chest pain when breathing. it's getting progressively worse. i haven't been sleeping well because of this. i've been feeling this way for about 4 days.
diabetes,Constant fatigue with increased hunger frequent urination and blurry vision. This has been going on for 2 weeks now. it's quite severe.
Fungal infection,ring-shaped rash on my groin area with burning and peeling skin. i've been more tired than usual. it comes and goes.
Typhoid,week-long fever with coated tongue muscle pain and general malaise. this has been going on for 13 weeks now. the symptoms are worsening daily.
Hypertension,throbbing headache with visual disturbances and pounding heartbeat. i've been feeling this way for about 3 days.
Bronchial Asthma,i have wheezing and difficulty breathing especially at night and during exercise. it's quite severe. i tried home remedies but nothing helps.
Dengue,High temperature with retro-orbital pain and bleeding gums. I noticed this around 3 days back. the symptoms are worsening daily.
peptic ulcer disease,Burning abdominal pain with loss of appetite and unintentional weight loss. it's quite severe. This has been going on for 2 weeks now.
Fungal infection,ring-shaped rash on my groin area with burning and peeling skin. it started 2 days ago and hasn't improved. i tried home remedies but nothing helps.
Impetigo,red sores on my face around nose and mouth that burst and form crusts. this has been going on for 1 weeks now. i tried home remedies but nothing helps. it fluctuates throughout the day.
gastroesophageal reflux disease,chronic chest burning with sour taste and difficulty swallowing. it's quite severe. i've been feeling this way for about 8 days.
Bronchial Asthma,My breathing gets worse with dust and cold air with chest tightness. it's mild but persistent. My appetite has decreased.
Bronchial Asthma,episodes of difficulty breathing with audible wheeze triggered by allergens.
Dimorphic hemorrhoids(piles),rectal bleeding with itchy swollen tissue around the anal area. it's mild but persistent. i've been feeling this way for about 8 days.
Dimorphic hemorrhoids(piles),Painful lumps near the anus that bleed when I strain during defecation. I noticed this around 10 days back.
urinary tract infection,Burning sensation when urinating with frequent urge to go and cloudy urine. I haven't been sleeping well because of this. it fluctuates throughout the day. This has been going on for 11 weeks now.
drug reaction,Widespread rash with peeling skin and mouth ulcers from a drug. it comes and goes. I haven't been sleeping well because of this.
Bronchial Asthma,chronic cough at night with wheezing and feeling of suffocation. it's affecting my daily routine. it's getting progressively worse. it started 4 days ago and hasn't improved.
Common Cold,Runny nose sore throat and general feeling of being unwell. It's affecting my daily routine. it's getting progressively worse. It started 10 days ago and hasn't improved.
Bronchial Asthma,recurrent episodes of breathlessness with dry cough and wheezing.
Cervical spondylosis,chronic neck pain with numbness and tingling in my fingers. i also feel generally unwell. this has been going on for 6 weeks now.
Arthritis,bilateral joint swelling with tenderness and difficulty gripping objects. i tried home remedies but nothing helps. this has been going on for 10 weeks now.
Migraine,One-sided head pain with zigzag visual patterns nausea and photophobia. I haven't been sleeping well because of this.
Hypertension,I have frequent headaches dizziness and my blood pressure readings are high. It started 5 days ago and hasn't improved. This is the first time I've had this.
Acne,Hormonal breakouts along jawline with deep nodular lesions. I've been feeling this way for about 10 days. My appetite has decreased. it's mild but persistent.
Dimorphic hemorrhoids(piles),rectal bleeding with itchy swollen tissue around the anal area. this has been going on for 8 weeks now. my family member had similar symptoms. it comes and goes.
peptic ulcer disease,Burning abdominal pain with loss of appetite and unintentional weight loss.
Fungal infection,Circular rash with clear center and red scaly border on my torso. It started 5 days ago and hasn't improved.
Migraine,one-sided head pain with zigzag visual patterns nausea and photophobia. i noticed this around 14 days back. i've been more tired than usual.
Impetigo,blisters that ooze and form yellowish brown scabs near the mouth. the symptoms are worsening daily. i've been more tired than usual. i noticed this around 11 days back.
urinary tract infection,urgency to urinate with dysuria and suprapubic discomfort. i've been feeling this way for about 10 days.
Pneumonia,persistent cough with rust-colored sputum fever and shortness of breath. it's moderate in intensity.
Fungal infection,white patches on skin with flaking and itching especially after sweating. my appetite has decreased. i noticed this around 11 days back.
Dengue,High temperature with retro-orbital pain and bleeding gums. the symptoms are worsening daily. It started 13 days ago and hasn't improved.
peptic ulcer disease,Gnawing pain in upper abdomen with bloating nausea and vomiting. This has been going on for 13 weeks now. I had something similar years ago. it's mild but persistent.
Fungal infection,Ring-shaped rash on my groin area with burning and peeling skin. it's moderate in intensity. It started 13 days ago and hasn't improved.
drug reaction,skin eruption with fever and swollen lymph nodes after taking antibiotics. it started 10 days ago and hasn't improved. it's moderate in intensity.
urinary tract infection,I need to urinate constantly but only small amounts come out with burning. This has been going on for 2 weeks now. My family member had similar symptoms.
gastroesophageal reflux disease,Persistent heartburn with globus sensation and epigastric burning. I had something similar years ago.
Dengue,High fever for three days with extreme fatigue joint pain and nausea. I've been feeling this way for about 1 days.
Dengue,Very high fever with severe headache pain behind the eyes and joint pain.
Jaundice,yellow discoloration of skin with itching and clay-colored stools. i haven't been sleeping well because of this.
Varicose veins,i get heavy aching legs especially after standing for long periods. i tried home remedies but nothing helps.
Malaria,Cyclical fever pattern with intense chills sweating and weakness.
Jaundice,yellowish tint to skin and whites of eyes with nausea and fatigue. my appetite has decreased. i've been feeling this way for about 2 days.
Psoriasis,my skin has thick silvery scales and dry cracked areas that sometimes bleed. it's moderate in intensity.
Cervical spondylosis,Grinding noise when turning neck with stiffness and arm weakness. This has been going on for 5 weeks now.
allergy,Sneezing fits with nasal congestion itchy eyes triggered by pollen. I noticed this around 10 days back.
Fungal infection,itchy moist area in skin folds with reddish discoloration.
Dengue,very high fever with severe headache pain behind the eyes and joint pain. it's mild but persistent. my appetite has decreased. this has been going on for 10 weeks now.
Chicken pox,small fluid-filled blisters appeared on my chest face and back with itching. i'm quite worried about it. it fluctuates throughout the day. it started 13 days ago and hasn't improved.
Acne,Red inflamed papules and pustules on cheeks with excess oil production. it's getting progressively worse. I noticed this around 7 days back.
Chicken pox,i have itchy red blisters all over my body with mild fever. it's getting progressively worse. this is the first time i've had this.
peptic ulcer disease,Stomach pain relieved by food but returns hours later with bloating. the symptoms are worsening daily. It's affecting my daily routine.
Varicose veins,Swollen veins on my lower legs with itching and a burning sensation. I also feel generally unwell. I've been feeling this way for about 3 days.
Cervical spondylosis,Neck pain with dizziness and radiating arm pain with numbness. This has been going on for 13 weeks now. I had something similar years ago.
Migraine,recurring severe headaches preceded by flashing lights and numbness. it's getting progressively worse. i've been more tired than usual. it started 7 days ago and hasn't improved.
Jaundice,my skin and eyes have turned yellow with dark urine and pale stools. this has been going on for 5 weeks now.
Impetigo,Blisters that ooze and form yellowish brown scabs near the mouth. I've been feeling this way for about 1 days. it fluctuates throughout the day.
gastroesophageal reflux disease,Persistent heartburn with globus sensation and epigastric burning. This has been going on for 11 weeks now. I'm quite worried about it.
Dengue,Fever with intense joint pain nausea vomiting and fatigue. it comes and goes. It started 14 days ago and hasn't improved. I tried home remedies but nothing helps.
allergy,Nasal congestion with itchy watery eyes and scratchy throat from pet dander. it comes and goes. I noticed this around 10 days back.
Dimorphic hemorrhoids(piles),Painful lumps near the anus that bleed when I strain during defecation. it's mild but persistent. This is the first time I've had this. I've been feeling this way for about 9 days.
Jaundice,my skin and eyes have turned yellow with dark urine and pale stools. it fluctuates throughout the day.
Pneumonia,chest tightness with painful breathing rapid heartbeat and cough with phlegm.
Arthritis,Chronic joint pain with morning stiffness lasting more than an hour. My appetite has decreased. I've been feeling this way for about 14 days.
Jaundice,Dark brown urine with jaundiced skin and tenderness below right ribs. I noticed this around 6 days back. it's moderate in intensity.
Hypertension,chronic headaches with face flushing and anxiety about elevated pressure. i also feel generally unwell.
Psoriasis,I've had persistent skin redness with flaky patches spreading on my scalp. it's getting progressively worse. It started 8 days ago and hasn't improved.
Jaundice,progressive yellowing of skin with itching fatigue and poor appetite. my appetite has decreased. i've been feeling this way for about 9 days.
Dimorphic hemorrhoids(piles),Swollen painful hemorrhoids that protrude during straining. it's getting progressively worse.
Chicken pox,red bumps that turned into tiny blisters with clear fluid and mild fever. this is the first time i've had this. i noticed this around 2 days back. it comes and goes.
Varicose veins,I get heavy aching legs especially after standing for long periods. I'm quite worried about it. This has been going on for 9 weeks now.
urinary tract infection,pain during urination with strong smelling urine and pelvic pressure. it fluctuates throughout the day. i also feel generally unwell. it started 10 days ago and hasn't improved.
allergy,Allergic reaction with swollen lips itching and red blotchy skin. it fluctuates throughout the day. This is the first time I've had this. It started 13 days ago and hasn't improved.
Dengue,fever with intense joint pain nausea vomiting and fatigue. it's quite severe.
Jaundice,my skin and eyes have turned yellow with dark urine and pale stools. i've been feeling this way for about 5 days. it comes and goes.
urinary tract infection,Stinging pain when peeing with dark cloudy urine and back pain. it's quite severe. This has been going on for 12 weeks now.
Hypertension,I have frequent headaches dizziness and my blood pressure readings are high. it comes and goes. I've been feeling this way for about 12 days.
allergy,seasonal symptoms with runny nose itchy eyes and constant sneezing. it's moderate in intensity.
Malaria,high fever with rigors profuse sweating and extreme fatigue. i tried home remedies but nothing helps. it fluctuates throughout the day. i've been feeling this way for about 6 days.
Impetigo,My child has honey-colored crusty sores spreading on the face and hands. it fluctuates throughout the day. I noticed this around 13 days back.
Cervical spondylosis,Neck pain with dizziness and radiating arm pain with numbness. the symptoms are worsening daily. I had something similar years ago.
Migraine,severe throbbing headache on one side with nausea and sensitivity to light. i've been feeling this way for about 8 days. the symptoms are worsening daily.
Migraine,Severe throbbing headache on one side with nausea and sensitivity to light. This has been going on for 11 weeks now.
peptic ulcer disease,gnawing pain in upper abdomen with bloating nausea and vomiting. it started 9 days ago and hasn't improved.
diabetes,I'm always thirsty urinating frequently and losing weight despite eating well. it's getting progressively worse.
Cervical spondylosis,pain in my neck spreading to arms with occasional muscle weakness. i've been feeling this way for about 5 days. it's quite severe.
Pneumonia,High fever shaking chills and cough producing thick yellow mucus. It started 5 days ago and hasn't improved. it's getting progressively worse.
Malaria,Cyclical fever pattern with intense chills sweating and weakness. it's getting progressively worse.
urinary tract infection,I need to urinate constantly but only small amounts come out with burning. This has been going on for 12 weeks now. it's mild but persistent. This is the first time I've had this.
Dengue,acute fever headache myalgia and petechial rash on arms. i've been feeling this way for about 5 days.
Bronchial Asthma,i have wheezing and difficulty breathing especially at night and during exercise. i've been feeling this way for about 4 days. i've been more tired than usual.
Impetigo,red painful sores that became crusty and are spreading to other areas. it started 12 days ago and hasn't improved.
Hypertension,Frequent dizziness headaches and shortness of breath on exertion. the symptoms are worsening daily. This is the first time I've had this. This has been going on for 2 weeks now.
Acne,Painful red bumps and whiteheads breaking out on my cheeks and jawline. I've been feeling this way for about 8 days. I'm quite worried about it.
peptic ulcer disease,burning pain between meals with bloating belching and poor appetite. i noticed this around 1 days back. it fluctuates throughout the day.
allergy,Seasonal symptoms with runny nose itchy eyes and constant sneezing. it's mild but persistent. My family member had similar symptoms. It started 10 days ago and hasn't improved.
gastroesophageal reflux disease,chest pain after meals with acid coming up into throat. the symptoms are worsening daily.
allergy,nasal congestion with itchy watery eyes and scratchy throat from pet dander. the symptoms are worsening daily. this has been going on for 4 weeks now.
Dengue,I feel terrible with high fever body aches and a flat red rash appearing. This has been going on for 11 weeks now.
Arthritis,joint pain and stiffness that gets worse with cold weather and inactivity. it comes and goes.
Cervical spondylosis,Chronic neck pain worse in the morning with shoulder blade discomfort. I've been feeling this way for about 1 days. My family member had similar symptoms. it comes and goes.
Varicose veins,Bulging blue purple veins on my calves with occasional cramping at night. It started 12 days ago and hasn't improved.
Impetigo,Crusty skin lesions near mouth and chin that appeared after a scratch. I've been feeling this way for about 5 days. I haven't been sleeping well because of this.
Bronchial Asthma,chronic cough at night with wheezing and feeling of suffocation. i've been more tired than usual.
Fungal infection,White patches on skin with flaking and itching especially after sweating. This has been going on for 8 weeks now.
Typhoid,fever that won't go down with poor appetite nausea and abdominal tenderness.
gastroesophageal reflux disease,Frequent heartburn with belching bloating and chest discomfort. I noticed this around 12 days back. I tried home remedies but nothing helps.
Bronchial Asthma,wheezing attacks with rapid breathing and inability to catch my breath. i noticed this around 8 days back. it's getting progressively worse.
allergy,Breaking out in hives with itching after contact with certain materials. the symptoms are worsening daily. It started 13 days ago and hasn't improved. I haven't been sleeping well because of this.
Common Cold,persistent sneezing with congestion and post-nasal drip. this has been going on for 3 weeks now. my appetite has decreased. it's quite severe.
Malaria,intermittent fever with chills nausea vomiting and muscle pain. i also feel generally unwell. i've been feeling this way for about 11 days. it fluctuates throughout the day.
Arthritis,Swollen painful joints in my hands and knees with reduced range of motion. It's affecting my daily routine. it fluctuates throughout the day.
diabetes,fatigue with polydipsia polyuria and recurrent infections. it fluctuates throughout the day.
Malaria,periodic high temperature with headache and enlarged spleen area pain. i've been feeling this way for about 2 days.
Fungal infection,red scaly circular lesions on my arms that spread outward. i've been feeling this way for about 1 days. it's quite severe.
Pneumonia,chest tightness with painful breathing rapid heartbeat and cough with phlegm. i noticed this around 7 days back.
Varicose veins,i have throbbing pain in my legs with spider veins spreading on my shins. i had something similar years ago. this has been going on for 1 weeks now. it's getting progressively worse.
Malaria,cyclical fever pattern with intense chills sweating and weakness. the symptoms are worsening daily.
Typhoid,I've had fever for days with constipation then diarrhea and rose spots on chest. I'm quite worried about it. it's moderate in intensity.
Arthritis,chronic joint pain with morning stiffness lasting more than an hour. this is the first time i've had this.
Hypertension,chronic headaches with face flushing and anxiety about elevated pressure. it fluctuates throughout the day.
urinary tract infection,burning sensation when urinating with frequent urge to go and cloudy urine. it comes and goes. i've been feeling this way for about 13 days.
Varicose veins,My legs have swollen twisted veins that are very visible and painful. it's moderate in intensity. This is the first time I've had this.
Typhoid,i've had fever for days with constipation then diarrhea and rose spots on chest.
Migraine,Unilateral throbbing headache with nausea vomiting and phonophobia. it's getting progressively worse.
Common Cold,I caught a cold with blocked nose coughing and mild headache. I noticed this around 9 days back.
Common Cold,Persistent sneezing with congestion and post-nasal drip. it's quite severe.
Typhoid,I've had fever for days with constipation then diarrhea and rose spots on chest. This has been going on for 2 weeks now.
Malaria,fever spikes with violent shivering followed by drenching sweats. it started 3 days ago and hasn't improved. i've been more tired than usual.
gastroesophageal reflux disease,chronic chest burning with sour taste and difficulty swallowing. i tried home remedies but nothing helps. it started 12 days ago and hasn't improved. it's getting progressively worse.
Impetigo,Crusty skin lesions near mouth and chin that appeared after a scratch. It's affecting my daily routine. the symptoms are worsening daily. This has been going on for 3 weeks now.
Arthritis,Progressive joint stiffness with pain on movement and joint deformity. This has been going on for 9 weeks now. I had something similar years ago.
Dengue,high fever for three days with extreme fatigue joint pain and nausea. this has been going on for 7 weeks now.
diabetes,extreme thirst with frequent trips to bathroom and slow healing wounds. it started 8 days ago and hasn't improved. my family member had similar symptoms.
Dimorphic hemorrhoids(piles),Pain during bowel movements with bright red blood and anal swelling. the symptoms are worsening daily. This has been going on for 5 weeks now. I also feel generally unwell.
Common Cold,Nasal congestion watery eyes and occasional sneezing fits. I've been feeling this way for about 2 days. it comes and goes.
gastroesophageal reflux disease,persistent heartburn with globus sensation and epigastric burning. i also feel generally unwell. it comes and goes.
Bronchial Asthma,episodes of difficulty breathing with audible wheeze triggered by allergens. i haven't been sleeping well because of this. i've been feeling this way for about 8 days. it's getting progressively worse.
Hypertension,throbbing headache with visual disturbances and pounding heartbeat. it's affecting my daily routine. this has been going on for 3 weeks now. it's moderate in intensity.
Cervical spondylosis,Neck pain with dizziness and radiating arm pain with numbness. It started 14 days ago and hasn't improved. I've been more tired than usual.
Acne,my skin has cystic lesions and comedones mainly on forehead and nose. this has been going on for 9 weeks now. it's mild but persistent.
Acne,Deep painful cysts under the skin with multiple blackheads on nose. I noticed this around 10 days back. This is the first time I've had this.
urinary tract infection,Stinging pain when peeing with dark cloudy urine and back pain. it's getting progressively worse. I've been more tired than usual. It started 8 days ago and hasn't improved.
Dimorphic hemorrhoids(piles),Burning sensation with blood in stool and tender lumps near rectum. it comes and goes. I've been feeling this way for about 14 days.
Acne,Deep painful cysts under the skin with multiple blackheads on nose. I noticed this around 9 days back. I've been more tired than usual.
Cervical spondylosis,chronic neck pain with numbness and tingling in my fingers. this has been going on for 7 weeks now.
Bronchial Asthma,tight chest with shortness of breath and whistling sound when exhaling. i noticed this around 8 days back. it comes and goes. i haven't been sleeping well because of this.
Jaundice,eyes are yellow with upper abdominal pain and general weakness.
Dengue,very high fever with severe headache pain behind the eyes and joint pain. i've been feeling this way for about 1 days. it fluctuates throughout the day.
Psoriasis,There are raised inflamed lesions on my skin covered with whitish scales. I noticed this around 6 days back. it's mild but persistent. My appetite has decreased.
Psoriasis,My nails have become pitted and ridged and I have plaques on my arms. I noticed this around 11 days back. it's quite severe.
Impetigo,spreading sores with yellow scabs on face that are mildly itchy. this has been going on for 12 weeks now.
Pneumonia,I can barely breathe with fever chills and coughing up thick mucus. it's getting progressively worse. I've been feeling this way for about 10 days.
Typhoid,i have sustained high fever for over a week with severe headache and fatigue. i tried home remedies but nothing helps.
peptic ulcer disease,recurring gnawing abdominal pain with nausea and feeling of fullness. i'm quite worried about it. it started 14 days ago and hasn't improved. it's moderate in intensity.
Malaria,fever spikes with violent shivering followed by drenching sweats. it started 5 days ago and hasn't improved.
Psoriasis,my skin has thick silvery scales and dry cracked areas that sometimes bleed. i noticed this around 7 days back. it's quite severe.
Jaundice,progressive yellowing of skin with itching fatigue and poor appetite. it's getting progressively worse.
Bronchial Asthma,episodes of difficulty breathing with audible wheeze triggered by allergens. it's quite severe. i've been more tired than usual.
gastroesophageal reflux disease,frequent heartburn with belching bloating and chest discomfort. this has been going on for 10 weeks now.
Hypertension,feeling of pressure in my head with fatigue and elevated bp readings. the symptoms are worsening daily. this has been going on for 4 weeks now. i tried home remedies but nothing helps.
Jaundice,Yellowish tint to skin and whites of eyes with nausea and fatigue. I noticed this around 10 days back. the symptoms are worsening daily.
Cervical spondylosis,Stiff neck with grinding sensation and headaches starting from the back of head. it's quite severe. This has been going on for 6 weeks now.
drug reaction,Skin eruption with fever and swollen lymph nodes after taking antibiotics. This has been going on for 7 weeks now. it comes and goes.
Pneumonia,fever with productive cough breathlessness and pain on deep inspiration. i noticed this around 6 days back.
diabetes,Unexplained weight loss with constant hunger tiredness and blurred vision. I had something similar years ago. it's getting progressively worse.
Pneumonia,severe cough with greenish phlegm high fever and chest pain when breathing. it fluctuates throughout the day.
diabetes,fatigue with polydipsia polyuria and recurrent infections. i noticed this around 2 days back. it's getting progressively worse. i also feel generally unwell.
Typhoid,Persistent fever with body aches chills and no energy to do anything. it's moderate in intensity. I noticed this around 10 days back.
Cervical spondylosis,chronic neck pain with numbness and tingling in my fingers. my family member had similar symptoms. i've been feeling this way for about 2 days. it fluctuates throughout the day.
Dimorphic hemorrhoids(piles),Painful lumps near the anus that bleed when I strain during defecation. I had something similar years ago. it comes and goes.
gastroesophageal reflux disease,Chest pain after meals with acid coming up into throat. It started 13 days ago and hasn't improved. it's mild but persistent.
Jaundice,My urine is very dark and skin looks yellowish with loss of appetite. it's quite severe. I noticed this around 9 days back.
peptic ulcer disease,Burning pain between meals with bloating belching and poor appetite. It started 11 days ago and hasn't improved. My family member had similar symptoms.
Jaundice,yellowing of eyes with fatigue nausea and abdominal pain on right side. i also feel generally unwell.
allergy,Skin rash with hives itching and swelling after eating certain foods. the symptoms are worsening daily. This has been going on for 10 weeks now.
Impetigo,my child has honey-colored crusty sores spreading on the face and hands. it's quite severe. my appetite has decreased.
diabetes,Unexplained weight loss with constant hunger tiredness and blurred vision. I've been feeling this way for about 3 days. I'm quite worried about it. it's quite severe.
Hypertension,My doctor said my blood pressure is very high and I get headaches daily. This has been going on for 9 weeks now. My family member had similar symptoms. the symptoms are worsening daily.
Malaria,Cyclical fever pattern with intense chills sweating and weakness. it's getting progressively worse. I've been more tired than usual.
urinary tract infection,I need to urinate constantly but only small amounts come out with burning. it comes and goes.
Varicose veins,bulging blue purple veins on my calves with occasional cramping at night. i've been feeling this way for about 10 days. the symptoms are worsening daily.
Varicose veins,i get heavy aching legs especially after standing for long periods. it's quite severe.
Jaundice,Yellowish tint to skin and whites of eyes with nausea and fatigue. This has been going on for 4 weeks now. It's affecting my daily routine.
Impetigo,itchy red sores with golden crusts on the skin around my nose. i had something similar years ago.
Psoriasis,Burning sensation on scaly red patches near my hairline and behind ears. it's moderate in intensity.
Dimorphic hemorrhoids(piles),painful lumps near the anus that bleed when i strain during defecation. this has been going on for 9 weeks now. it's quite severe.
diabetes,tingling in hands and feet with excessive thirst and frequent urination. i tried home remedies but nothing helps. i've been feeling this way for about 14 days.
Dengue,Acute fever headache myalgia and petechial rash on arms. it's quite severe. I noticed this around 13 days back. It's affecting my daily routine.
Pneumonia,Difficulty breathing with productive cough fever and sharp chest pain. I've been feeling this way for about 5 days.
Cervical spondylosis,neck pain and stiffness with pain radiating down to my shoulders and arms. this has been going on for 10 weeks now. i had something similar years ago.
drug reaction,Allergic skin reaction with blistering after taking painkillers.
Hypertension,Chronic headaches with face flushing and anxiety about elevated pressure. it's quite severe. It started 8 days ago and hasn't improved. I'm quite worried about it.
diabetes,Tingling in hands and feet with excessive thirst and frequent urination. it's moderate in intensity. It started 2 days ago and hasn't improved.
Migraine,Debilitating headache with light and sound sensitivity lasting hours. it comes and goes.
gastroesophageal reflux disease,persistent heartburn with globus sensation and epigastric burning. it's getting progressively worse.
Arthritis,my knees and fingers are swollen tender and difficult to move. this has been going on for 12 weeks now. it fluctuates throughout the day. i had something similar years ago.
Acne,I have pimples and blackheads on my face chin and forehead. I noticed this around 7 days back. I haven't been sleeping well because of this. it's getting progressively worse.
peptic ulcer disease,gnawing pain in upper abdomen with bloating nausea and vomiting. it's quite severe. i noticed this around 12 days back. this is the first time i've had this.
Acne,Painful red bumps and whiteheads breaking out on my cheeks and jawline. I've been feeling this way for about 5 days. it comes and goes. This is the first time I've had this.
Migraine,debilitating headache with light and sound sensitivity lasting hours. it's mild but persistent. i also feel generally unwell.
Dengue,High fever for three days with extreme fatigue joint pain and nausea. it's moderate in intensity. My appetite has decreased.
allergy,breaking out in hives with itching after contact with certain materials. this has been going on for 8 weeks now. it's moderate in intensity.
Impetigo,red sores on my face around nose and mouth that burst and form crusts. it's quite severe. i tried home remedies but nothing helps. i noticed this around 8 days back.
Pneumonia,high fever shaking chills and cough producing thick yellow mucus. it's moderate in intensity. it started 1 days ago and hasn't improved. i've been more tired than usual.
Psoriasis,burning sensation on scaly red patches near my hairline and behind ears.
Psoriasis,my nails have become pitted and ridged and i have plaques on my arms. it's mild but persistent.
Fungal infection,Circular rash with clear center and red scaly border on my torso. I've been feeling this way for about 6 days.
drug reaction,fever and skin rash with joint pain after starting new medicine. i've been feeling this way for about 7 days. i'm quite worried about it. the symptoms are worsening daily.
Dimorphic hemorrhoids(piles),itching and discomfort around the rectum with blood on toilet paper. it's affecting my daily routine. it's getting progressively worse.
Migraine,Debilitating headache with light and sound sensitivity lasting hours. This has been going on for 14 weeks now.
Impetigo,red sores on my face around nose and mouth that burst and form crusts. this is the first time i've had this. it started 3 days ago and hasn't improved.
drug reaction,Fever and skin rash with joint pain after starting new medicine. I haven't been sleeping well because of this.
Psoriasis,"I have red, scaly patches on my elbows and knees that are very itchy. I've been feeling this way for about 13 days. it's quite severe."
diabetes,increased appetite with weight loss blurry vision and slow wound healing. i've been feeling this way for about 6 days. i've been more tired than usual.
Common Cold,Stuffy nose with clear watery discharge and scratchy throat. It started 11 days ago and hasn't improved. My appetite has decreased. it comes and goes.
Jaundice,my urine is very dark and skin looks yellowish with loss of appetite. it comes and goes. this has been going on for 11 weeks now.
Cervical spondylosis,neck pain with dizziness and radiating arm pain with numbness. this has been going on for 4 weeks now. it's moderate in intensity.
Bronchial Asthma,my breathing gets worse with dust and cold air with chest tightness. i'm quite worried about it. i noticed this around 4 days back.
Dimorphic hemorrhoids(piles),Uncomfortable pressure and itching near anus with occasional bleeding. I've been more tired than usual. the symptoms are worsening daily.
Migraine,severe throbbing headache on one side with nausea and sensitivity to light. i had something similar years ago. it's mild but persistent.
Arthritis,bilateral joint swelling with tenderness and difficulty gripping objects. this has been going on for 14 weeks now.
gastroesophageal reflux disease,Burning in upper abdomen and chest with acidic taste especially at night. it comes and goes. This has been going on for 4 weeks now.
Common Cold,Stuffy nose with clear watery discharge and scratchy throat. I've been feeling this way for about 14 days. it's getting progressively worse.
Dengue,High temperature with retro-orbital pain and bleeding gums. I noticed this around 8 days back. This is the first time I've had this.
Dengue,High fever for three days with extreme fatigue joint pain and nausea. it fluctuates throughout the day. I noticed this around 4 days back.
Psoriasis,"I have red, scaly patches on my elbows and knees that are very itchy. it's quite severe. I'm quite worried about it."
Fungal infection,ring-shaped rash on my groin area with burning and peeling skin. this is the first time i've had this. it started 13 days ago and hasn't improved. it's mild but persistent.
Acne,Red inflamed papules and pustules on cheeks with excess oil production. the symptoms are worsening daily.
Psoriasis,my skin has thick silvery scales and dry cracked areas that sometimes bleed.
Fungal infection,itchy moist area in skin folds with reddish discoloration. i noticed this around 14 days back.
Typhoid,Persistent fever with body aches chills and no energy to do anything. It started 14 days ago and hasn't improved.
Cervical spondylosis,neck pain with dizziness and radiating arm pain with numbness. the symptoms are worsening daily.
Varicose veins,i get heavy aching legs especially after standing for long periods. it started 4 days ago and hasn't improved.
Arthritis,Joint pain and stiffness that gets worse with cold weather and inactivity. it's moderate in intensity. It started 8 days ago and hasn't improved. My family member had similar symptoms.
Impetigo,crusty skin lesions near mouth and chin that appeared after a scratch. i've been more tired than usual.
Typhoid,Fever that won't go down with poor appetite nausea and abdominal tenderness.
urinary tract infection,pain during urination with strong smelling urine and pelvic pressure. this has been going on for 5 weeks now. i also feel generally unwell. it's mild but persistent.
drug reaction,skin eruption with fever and swollen lymph nodes after taking antibiotics. i also feel generally unwell. i've been feeling this way for about 4 days. it's mild but persistent.
peptic ulcer disease,Burning abdominal pain with loss of appetite and unintentional weight loss. I've been feeling this way for about 5 days.
Varicose veins,My legs cramp at night and twisted veins are becoming more prominent. I had something similar years ago. I noticed this around 5 days back.
urinary tract infection,Constant urge to urinate with burning sensation and mild fever. I've been feeling this way for about 7 days. I also feel generally unwell. it fluctuates throughout the day.
Migraine,severe head pain that worsens with movement and accompanied by aura. i haven't been sleeping well because of this. it's moderate in intensity. this has been going on for 6 weeks now.
Migraine,pounding headache with extreme light sensitivity and need to lie in dark room. i've been feeling this way for about 1 days. i tried home remedies but nothing helps. it's quite severe.
Acne,I have pimples and blackheads on my face chin and forehead.
drug reaction,Skin eruption with fever and swollen lymph nodes after taking antibiotics. it's getting progressively worse.
gastroesophageal reflux disease,frequent heartburn with belching bloating and chest discomfort. i also feel generally unwell. it's mild but persistent.
Acne,hormonal breakouts along jawline with deep nodular lesions. it comes and goes. i noticed this around 1 days back. i had something similar years ago.
Acne,Red inflamed papules and pustules on cheeks with excess oil production. it's moderate in intensity. I've been more tired than usual. This has been going on for 2 weeks now.
Pneumonia,i can barely breathe with fever chills and coughing up thick mucus. it's getting progressively worse. i've been feeling this way for about 2 days. my family member had similar symptoms.
gastroesophageal reflux disease,Frequent heartburn with belching bloating and chest discomfort. My family member had similar symptoms.
Fungal infection,ring-shaped rash on my groin area with burning and peeling skin. it's getting progressively worse.
urinary tract infection,stinging pain when peeing with dark cloudy urine and back pain. this has been going on for 9 weeks now. it fluctuates throughout the day.
Fungal infection,itchy moist area in skin folds with reddish discoloration. i had something similar years ago. it's getting progressively worse. this has been going on for 5 weeks now.
Jaundice,my skin and eyes have turned yellow with dark urine and pale stools. it's moderate in intensity. i tried home remedies but nothing helps. it started 4 days ago and hasn't improved.
diabetes,unexplained weight loss with constant hunger tiredness and blurred vision. this has been going on for 1 weeks now. my family member had similar symptoms.
Arthritis,My joints are stiff and painful especially in the morning and it takes hours to loosen up. the symptoms are worsening daily. My family member had similar symptoms.
Jaundice,yellow discoloration of skin with itching and clay-colored stools. i haven't been sleeping well because of this.
Migraine,Severe throbbing headache on one side with nausea and sensitivity to light. it's getting progressively worse. I haven't been sleeping well because of this.
urinary tract infection,i need to urinate constantly but only small amounts come out with burning. i noticed this around 4 days back.
Varicose veins,bulging blue purple veins on my calves with occasional cramping at night. i noticed this around 6 days back.
Migraine,Severe head pain that worsens with movement and accompanied by aura. it's quite severe.
Varicose veins,My legs cramp at night and twisted veins are becoming more prominent. I had something similar years ago. I noticed this around 11 days back. it's quite severe.
Malaria,intermittent fever with chills nausea vomiting and muscle pain. i noticed this around 13 days back. the symptoms are worsening daily. i tried home remedies but nothing helps.
Bronchial Asthma,Wheezing attacks with rapid breathing and inability to catch my breath. It started 11 days ago and hasn't improved. it's quite severe.
Common Cold,stuffy nose with clear watery discharge and scratchy throat. i had something similar years ago. it's getting progressively worse. this has been going on for 6 weeks now.
urinary tract infection,Stinging pain when peeing with dark cloudy urine and back pain. My appetite has decreased.
Dengue,severe fever with break-bone pain rash and swollen lymph nodes. i've been feeling this way for about 1 days. it comes and goes.
Pneumonia,i can barely breathe with fever chills and coughing up thick mucus. this has been going on for 11 weeks now. i'm quite worried about it.
peptic ulcer disease,Burning pain between meals with bloating belching and poor appetite. I've been feeling this way for about 14 days. My appetite has decreased.
Common Cold,Nasal congestion watery eyes and occasional sneezing fits. It started 3 days ago and hasn't improved. it's quite severe.
Pneumonia,High fever shaking chills and cough producing thick yellow mucus. It started 5 days ago and hasn't improved.
Hypertension,Frequent dizziness headaches and shortness of breath on exertion. I tried home remedies but nothing helps. I noticed this around 12 days back. it's mild but persistent.
Arthritis,my knees and fingers are swollen tender and difficult to move. i also feel generally unwell. this has been going on for 6 weeks now. it's mild but persistent.
Dimorphic hemorrhoids(piles),Painful lumps near the anus that bleed when I strain during defecation. I've been more tired than usual. This has been going on for 3 weeks now.
drug reaction,Skin eruption with fever and swollen lymph nodes after taking antibiotics. it's quite severe. This has been going on for 14 weeks now.
Chicken pox,widespread itchy rash with blisters crusting over and new ones appearing. the symptoms are worsening daily. it started 12 days ago and hasn't improved.
drug reaction,Fever and skin rash with joint pain after starting new medicine. This is the first time I've had this. it comes and goes.
Pneumonia,chest tightness with painful breathing rapid heartbeat and cough with phlegm. it's affecting my daily routine. it's mild but persistent. it started 2 days ago and hasn't improved.
Typhoid,high temperature that keeps rising with abdominal discomfort and weakness. i noticed this around 1 days back.
Common Cold,Runny nose sore throat and general feeling of being unwell. it fluctuates throughout the day. I noticed this around 6 days back. I'm quite worried about it.
Impetigo,Crusty skin lesions near mouth and chin that appeared after a scratch. It started 3 days ago and hasn't improved. it's mild but persistent.
Migraine,Severe head pain that worsens with movement and accompanied by aura. I haven't been sleeping well because of this. it comes and goes.
Bronchial Asthma,My breathing gets worse with dust and cold air with chest tightness. it fluctuates throughout the day. I tried home remedies but nothing helps.
Acne,deep painful cysts under the skin with multiple blackheads on nose. this is the first time i've had this. it started 13 days ago and hasn't improved.
Dimorphic hemorrhoids(piles),pain during bowel movements with bright red blood and anal swelling. this has been going on for 1 weeks now. it's moderate in intensity.
Migraine,debilitating headache with light and sound sensitivity lasting hours. i noticed this around 13 days back. it's mild but persistent.
Dengue,High temperature with retro-orbital pain and bleeding gums. it's getting progressively worse. I'm quite worried about it. I noticed this around 2 days back.
Dimorphic hemorrhoids(piles),i have painful swelling near my anus with bleeding during bowel movements. it comes and goes. i also feel generally unwell. i've been feeling this way for about 2 days.
Bronchial Asthma,tight chest with shortness of breath and whistling sound when exhaling. i noticed this around 3 days back. this is the first time i've had this. it fluctuates throughout the day.
Fungal infection,itchy moist area in skin folds with reddish discoloration. i noticed this around 1 days back.
Hypertension,throbbing headache with visual disturbances and pounding heartbeat. it's getting progressively worse.
Acne,deep painful cysts under the skin with multiple blackheads on nose. i noticed this around 7 days back. it's quite severe. i'm quite worried about it.
Dimorphic hemorrhoids(piles),Swollen painful hemorrhoids that protrude during straining. it's mild but persistent.
Chicken pox,I have itchy red blisters all over my body with mild fever. It started 1 days ago and hasn't improved.
Typhoid,week-long fever with coated tongue muscle pain and general malaise. i noticed this around 11 days back. it's mild but persistent.
diabetes,i'm always thirsty urinating frequently and losing weight despite eating well. my family member had similar symptoms. it started 14 days ago and hasn't improved.
Migraine,pounding headache with extreme light sensitivity and need to lie in dark room. i haven't been sleeping well because of this. this has been going on for 3 weeks now. the symptoms are worsening daily.
Acne,hormonal breakouts along jawline with deep nodular lesions. this is the first time i've had this. it's moderate in intensity.
Varicose veins,legs feel heavy and tired with visible knotted veins and skin discoloration. i noticed this around 9 days back. it comes and goes.
Cervical spondylosis,chronic neck pain worse in the morning with shoulder blade discomfort. i've been feeling this way for about 1 days. the symptoms are worsening daily. i haven't been sleeping well because of this.
Malaria,High fever with rigors profuse sweating and extreme fatigue. it's getting progressively worse. This has been going on for 10 weeks now.
Cervical spondylosis,chronic neck pain worse in the morning with shoulder blade discomfort. it started 8 days ago and hasn't improved. it's getting progressively worse.
Psoriasis,My skin has thick silvery scales and dry cracked areas that sometimes bleed. it fluctuates throughout the day. It started 10 days ago and hasn't improved. My family member had similar symptoms.
Arthritis,Joint pain and stiffness that gets worse with cold weather and inactivity. I tried home remedies but nothing helps. it's quite severe.
Chicken pox,Red bumps that turned into tiny blisters with clear fluid and mild fever. I noticed this around 3 days back. it fluctuates throughout the day.
Impetigo,Red painful sores that became crusty and are spreading to other areas. It started 10 days ago and hasn't improved. the symptoms are worsening daily.
Fungal infection,white patches on skin with flaking and itching especially after sweating. it's moderate in intensity.
Pneumonia,difficulty breathing with productive cough fever and sharp chest pain. it's mild but persistent. this has been going on for 12 weeks now.
Fungal infection,Ring-shaped rash on my groin area with burning and peeling skin. It started 7 days ago and hasn't improved. This is the first time I've had this.
Fungal infection,White patches on skin with flaking and itching especially after sweating. I also feel generally unwell.
Dengue,Sudden high fever with muscle aches bone pain and skin rash. It's affecting my daily routine. it's moderate in intensity.
urinary tract infection,urgency to urinate with dysuria and suprapubic discomfort. my family member had similar symptoms.
Varicose veins,my ankles swell by evening and i can see enlarged veins on my thighs.
Dimorphic hemorrhoids(piles),burning sensation with blood in stool and tender lumps near rectum. i've been more tired than usual. it started 2 days ago and hasn't improved.
gastroesophageal reflux disease,burning sensation in my chest after eating with acid taste in mouth. it's getting progressively worse.
urinary tract infection,burning sensation when urinating with frequent urge to go and cloudy urine. this has been going on for 10 weeks now. it's quite severe. i had something similar years ago.
Cervical spondylosis,neck pain with dizziness and radiating arm pain with numbness. this has been going on for 2 weeks now.
urinary tract infection,Urgency to urinate with dysuria and suprapubic discomfort. I've been feeling this way for about 2 days.
Bronchial Asthma,shortness of breath with chest constriction and persistent dry cough. it's mild but persistent.
Jaundice,Eyes are yellow with upper abdominal pain and general weakness. it's getting progressively worse.
Cervical spondylosis,chronic neck pain worse in the morning with shoulder blade discomfort. my family member had similar symptoms.
Hypertension,persistent headaches with occasional nosebleeds and blurred vision. i've been feeling this way for about 9 days. it's getting progressively worse.
Varicose veins,My legs have swollen twisted veins that are very visible and painful. It started 13 days ago and hasn't improved. it's moderate in intensity.
Cervical spondylosis,neck pain and stiffness with pain radiating down to my shoulders and arms. it's moderate in intensity. i haven't been sleeping well because of this. i've been feeling this way for about 5 days.
Migraine,severe throbbing headache on one side with nausea and sensitivity to light. i've been feeling this way for about 6 days.
Acne,frequent breakouts with inflamed pimples and oily skin on my face. it's moderate in intensity. this has been going on for 2 weeks now.
drug reaction,Itchy raised welts with facial swelling following drug administration. I've been feeling this way for about 7 days. it comes and goes. It's affecting my daily routine.
drug reaction,Itchy raised welts with facial swelling following drug administration.
Fungal infection,Itchy moist area in skin folds with reddish discoloration. it comes and goes. This has been going on for 11 weeks now.
Dengue,Very high fever with severe headache pain behind the eyes and joint pain.
allergy,I have watery eyes runny nose sneezing and itchy throat after exposure to dust. I noticed this around 2 days back. It's affecting my daily routine.
gastroesophageal reflux disease,Chest pain after meals with acid coming up into throat. the symptoms are worsening daily. I've been feeling this way for about 14 days. My appetite has decreased.
Fungal infection,my feet have peeling itchy skin between the toes with a bad smell. i've been more tired than usual. this has been going on for 6 weeks now.
Arthritis,my knees and fingers are swollen tender and difficult to move. it comes and goes. this has been going on for 12 weeks now.
Impetigo,spreading sores with yellow scabs on face that are mildly itchy. it's moderate in intensity. it started 1 days ago and hasn't improved.
Common Cold,runny nose sore throat and general feeling of being unwell. i've been more tired than usual.
Impetigo,Spreading sores with yellow scabs on face that are mildly itchy. I've been feeling this way for about 9 days. It's affecting my daily routine.
Jaundice,Yellowing of eyes with fatigue nausea and abdominal pain on right side. My family member had similar symptoms. I noticed this around 3 days back.
Dimorphic hemorrhoids(piles),uncomfortable pressure and itching near anus with occasional bleeding. it's getting progressively worse. i tried home remedies but nothing helps. i noticed this around 10 days back.
Migraine,Severe throbbing headache on one side with nausea and sensitivity to light. I had something similar years ago. it's quite severe. I noticed this around 14 days back.
Fungal infection,Circular rash with clear center and red scaly border on my torso. I'm quite worried about it. it's getting progressively worse.
peptic ulcer disease,upper stomach pain worse on empty stomach with dark tarry stools. this has been going on for 8 weeks now. it's getting progressively worse.
drug reaction,i developed a rash and itching all over after starting a new medication. this is the first time i've had this. it comes and goes. i noticed this around 6 days back.
Cervical spondylosis,Stiff neck with grinding sensation and headaches starting from the back of head. It started 8 days ago and hasn't improved. it's moderate in intensity.
urinary tract infection,Frequent painful urination with foul smelling cloudy urine. I also feel generally unwell. This has been going on for 11 weeks now.
peptic ulcer disease,epigastric pain that wakes me up at night with acid reflux. it started 2 days ago and hasn't improved. i had something similar years ago. it comes and goes.
Impetigo,small blisters that break open and weep fluid forming thick crusts. i tried home remedies but nothing helps. this has been going on for 5 weeks now. it's getting progressively worse.
Cervical spondylosis,Neck pain with dizziness and radiating arm pain with numbness. I noticed this around 7 days back. it's quite severe.
Acne,Frequent breakouts with inflamed pimples and oily skin on my face. I'm quite worried about it. I've been feeling this way for about 1 days.
Varicose veins,swollen veins on my lower legs with itching and a burning sensation. i haven't been sleeping well because of this. it's quite severe. it started 7 days ago and hasn't improved.
Varicose veins,Legs feel heavy and tired with visible knotted veins and skin discoloration. My appetite has decreased. it's mild but persistent. I've been feeling this way for about 1 days.
Arthritis,my knees and fingers are swollen tender and difficult to move. this has been going on for 5 weeks now.
Psoriasis,itchy dry patches on my torso with shedding skin flakes for weeks. it's mild but persistent. my family member had similar symptoms.
Malaria,Cyclical fever pattern with intense chills sweating and weakness. it's mild but persistent.
Acne,my skin has cystic lesions and comedones mainly on forehead and nose. it fluctuates throughout the day. i've been feeling this way for about 12 days.
Pneumonia,Difficulty breathing with productive cough fever and sharp chest pain. it's mild but persistent. I've been feeling this way for about 3 days.
Pneumonia,sharp pain in chest when coughing high temperature and extreme fatigue. it's mild but persistent.
Dengue,high temperature with retro-orbital pain and bleeding gums. i've been feeling this way for about 14 days. the symptoms are worsening daily.
Impetigo,Itchy red sores with golden crusts on the skin around my nose. This is the first time I've had this. it fluctuates throughout the day.
Acne,red inflamed papules and pustules on cheeks with excess oil production. it started 3 days ago and hasn't improved.
Jaundice,yellow discoloration of skin with itching and clay-colored stools.
Acne,my skin has cystic lesions and comedones mainly on forehead and nose. it's mild but persistent. i haven't been sleeping well because of this. it started 12 days ago and hasn't improved.
Common Cold,i caught a cold with blocked nose coughing and mild headache. i tried home remedies but nothing helps. i noticed this around 3 days back. it's quite severe.
Jaundice,my urine is very dark and skin looks yellowish with loss of appetite. it comes and goes. i've been feeling this way for about 6 days.
Varicose veins,my legs have swollen twisted veins that are very visible and painful. i noticed this around 9 days back.
Varicose veins,Swollen veins on my lower legs with itching and a burning sensation. It's affecting my daily routine.
Arthritis,bilateral joint swelling with tenderness and difficulty gripping objects. my family member had similar symptoms. it started 8 days ago and hasn't improved.
Varicose veins,I have throbbing pain in my legs with spider veins spreading on my shins. I've been feeling this way for about 8 days. My appetite has decreased.
Dimorphic hemorrhoids(piles),Painful lumps near the anus that bleed when I strain during defecation. This has been going on for 14 weeks now. I tried home remedies but nothing helps.
peptic ulcer disease,recurring gnawing abdominal pain with nausea and feeling of fullness. this has been going on for 3 weeks now. it's moderate in intensity.
Bronchial Asthma,Episodes of difficulty breathing with audible wheeze triggered by allergens. it's mild but persistent. I noticed this around 4 days back.
diabetes,Increased appetite with weight loss blurry vision and slow wound healing. it fluctuates throughout the day. I also feel generally unwell. It started 9 days ago and hasn't improved.
drug reaction,Skin eruption with fever and swollen lymph nodes after taking antibiotics. This has been going on for 7 weeks now.
Migraine,severe head pain that worsens with movement and accompanied by aura. it started 7 days ago and hasn't improved. it's quite severe.
Pneumonia,Chest tightness with painful breathing rapid heartbeat and cough with phlegm. I had something similar years ago.
Acne,my skin has cystic lesions and comedones mainly on forehead and nose. it comes and goes. this is the first time i've had this. it started 14 days ago and hasn't improved.
drug reaction,fever and skin rash with joint pain after starting new medicine. it started 9 days ago and hasn't improved. i also feel generally unwell. it fluctuates throughout the day.
drug reaction,Itchy raised welts with facial swelling following drug administration. I noticed this around 5 days back.
Common Cold,I have a runny nose sneezing sore throat and mild cough. It started 2 days ago and hasn't improved. This is the first time I've had this.
Chicken pox,I have itchy red blisters all over my body with mild fever. I tried home remedies but nothing helps. it's quite severe.
Dimorphic hemorrhoids(piles),Swollen painful hemorrhoids that protrude during straining. I've been feeling this way for about 10 days. it's getting progressively worse.
Acne,Frequent breakouts with inflamed pimples and oily skin on my face. I had something similar years ago. it fluctuates throughout the day.
Psoriasis,"I have red, scaly patches on my elbows and knees that are very itchy."
Fungal infection,I have circular red patches on my skin with raised edges that are itchy. I've been more tired than usual. I noticed this around 5 days back. it comes and goes.
Hypertension,My doctor said my blood pressure is very high and I get headaches daily. I've been feeling this way for about 10 days. I'm quite worried about it.
Pneumonia,Difficulty breathing with productive cough fever and sharp chest pain. I've been more tired than usual. it's getting progressively worse. This has been going on for 11 weeks now.
diabetes,i'm always thirsty urinating frequently and losing weight despite eating well. my family member had similar symptoms. this has been going on for 12 weeks now. it's quite severe.
gastroesophageal reflux disease,Frequent heartburn with belching bloating and chest discomfort. it's getting progressively worse.
drug reaction,itchy raised welts with facial swelling following drug administration. i tried home remedies but nothing helps.
Typhoid,Prolonged fever with stomach pain diarrhea and loss of appetite. I noticed this around 11 days back.
Arthritis,Swollen painful joints in my hands and knees with reduced range of motion. This has been going on for 6 weeks now. it fluctuates throughout the day. My family member had similar symptoms.
Bronchial Asthma,Recurrent episodes of breathlessness with dry cough and wheezing. I'm quite worried about it. I noticed this around 4 days back.
Varicose veins,Legs feel heavy and tired with visible knotted veins and skin discoloration. I've been feeling this way for about 5 days.
Dengue,Sudden high fever with muscle aches bone pain and skin rash.
drug reaction,widespread rash with peeling skin and mouth ulcers from a drug. it's getting progressively worse. it's affecting my daily routine. i've been feeling this way for about 9 days.
Impetigo,red painful sores that became crusty and are spreading to other areas. i noticed this around 1 days back. i also feel generally unwell.
Impetigo,blisters that ooze and form yellowish brown scabs near the mouth. this has been going on for 13 weeks now. it's mild but persistent.
Typhoid,persistent fever with body aches chills and no energy to do anything. i've been feeling this way for about 5 days. it's moderate in intensity.
peptic ulcer disease,burning stomach pain that gets worse when hungry and better after eating. this has been going on for 5 weeks now. it fluctuates throughout the day.
Common Cold,persistent sneezing with congestion and post-nasal drip. it's quite severe. i've been feeling this way for about 8 days. i've been more tired than usual.
Typhoid,Fever that won't go down with poor appetite nausea and abdominal tenderness. My family member had similar symptoms. it fluctuates throughout the day. This has been going on for 9 weeks now.
Jaundice,Dark brown urine with jaundiced skin and tenderness below right ribs. I noticed this around 2 days back. I tried home remedies but nothing helps.
Dengue,sudden high fever with muscle aches bone pain and skin rash. my appetite has decreased. i noticed this around 4 days back.
diabetes,Fatigue with polydipsia polyuria and recurrent infections. This has been going on for 7 weeks now.
Psoriasis,I noticed reddish spots with silvery buildup on my lower back and legs. I noticed this around 10 days back.
Pneumonia,Difficulty breathing with productive cough fever and sharp chest pain. It started 6 days ago and hasn't improved. My family member had similar symptoms.
Malaria,Recurring fever every two days with shaking chills and body aches. I've been feeling this way for about 4 days.
Common Cold,Runny nose sore throat and general feeling of being unwell. it's getting progressively worse. This has been going on for 9 weeks now.
allergy,I have watery eyes runny nose sneezing and itchy throat after exposure to dust. This is the first time I've had this. it's quite severe. It started 9 days ago and hasn't improved.
Dimorphic hemorrhoids(piles),pain during bowel movements with bright red blood and anal swelling. i've been more tired than usual.
peptic ulcer disease,Burning abdominal pain with loss of appetite and unintentional weight loss. it's quite severe.
Typhoid,week-long fever with coated tongue muscle pain and general malaise. it's moderate in intensity.
Arthritis,Joint pain and stiffness that gets worse with cold weather and inactivity.
peptic ulcer disease,Burning stomach pain that gets worse when hungry and better after eating. I'm quite worried about it. I've been feeling this way for about 2 days.
Arthritis,my knees and fingers are swollen tender and difficult to move. it fluctuates throughout the day. this has been going on for 11 weeks now.
Chicken pox,Widespread itchy rash with blisters crusting over and new ones appearing. it fluctuates throughout the day. My family member had similar symptoms. This has been going on for 9 weeks now.
diabetes,frequent urination especially at night with unquenchable thirst. i haven't been sleeping well because of this. it comes and goes.
drug reaction,i developed a rash and itching all over after starting a new medication. it started 14 days ago and hasn't improved.
Acne,Deep painful cysts under the skin with multiple blackheads on nose. it's moderate in intensity. This has been going on for 2 weeks now.
diabetes,Constant fatigue with increased hunger frequent urination and blurry vision. It started 14 days ago and hasn't improved. I also feel generally unwell.
Psoriasis,"i have red, scaly patches on my elbows and knees that are very itchy."
Acne,i have pimples and blackheads on my face chin and forehead. my family member had similar symptoms. it's quite severe. i've been feeling this way for about 14 days.
Jaundice,dark brown urine with jaundiced skin and tenderness below right ribs. i tried home remedies but nothing helps.
Common Cold,I have a runny nose sneezing sore throat and mild cough. This has been going on for 10 weeks now. It's affecting my daily routine. it's mild but persistent.
Fungal infection,my feet have peeling itchy skin between the toes with a bad smell. it's mild but persistent. this has been going on for 13 weeks now.
Migraine,intense pulsating pain in my head with aura visual disturbances and vomiting. i noticed this around 6 days back.
Jaundice,yellowing of eyes with fatigue nausea and abdominal pain on right side. it's quite severe.
Dengue,sudden high fever with muscle aches bone pain and skin rash. i also feel generally unwell. it fluctuates throughout the day.
Malaria,fever spikes with violent shivering followed by drenching sweats. it's getting progressively worse. i've been feeling this way for about 3 days.
Jaundice,Yellow discoloration of skin with itching and clay-colored stools. I've been feeling this way for about 1 days.
diabetes,tingling in hands and feet with excessive thirst and frequent urination. it fluctuates throughout the day. i noticed this around 10 days back. my family member had similar symptoms.
urinary tract infection,Pain during urination with strong smelling urine and pelvic pressure. the symptoms are worsening daily. It started 5 days ago and hasn't improved. My appetite has decreased.
Arthritis,bilateral joint swelling with tenderness and difficulty gripping objects. it started 11 days ago and hasn't improved. the symptoms are worsening daily. my appetite has decreased.
Jaundice,Yellowish tint to skin and whites of eyes with nausea and fatigue. My appetite has decreased.
Migraine,Severe throbbing headache on one side with nausea and sensitivity to light. It started 10 days ago and hasn't improved.
gastroesophageal reflux disease,acid reflux causing burning throat especially after heavy meals. this has been going on for 6 weeks now. i haven't been sleeping well because of this. it's moderate in intensity.
peptic ulcer disease,recurring gnawing abdominal pain with nausea and feeling of fullness. i've been feeling this way for about 14 days. it fluctuates throughout the day.
Pneumonia,Fever with productive cough breathlessness and pain on deep inspiration. It started 4 days ago and hasn't improved. I've been more tired than usual.
Arthritis,bilateral joint swelling with tenderness and difficulty gripping objects. this has been going on for 1 weeks now.
allergy,Seasonal symptoms with runny nose itchy eyes and constant sneezing. the symptoms are worsening daily. It started 13 days ago and hasn't improved. I also feel generally unwell.
Impetigo,blisters that ooze and form yellowish brown scabs near the mouth. it's moderate in intensity.
gastroesophageal reflux disease,Burning sensation in my chest after eating with acid taste in mouth. My family member had similar symptoms. I noticed this around 14 days back.
Impetigo,my child has honey-colored crusty sores spreading on the face and hands. i'm quite worried about it.
Varicose veins,Legs feel heavy and tired with visible knotted veins and skin discoloration. it's moderate in intensity.
Typhoid,prolonged fever with stomach pain diarrhea and loss of appetite. it comes and goes. i've been more tired than usual. it started 6 days ago and hasn't improved.
Acne,persistent acne on face and back with scarring from old breakouts. it started 14 days ago and hasn't improved. i tried home remedies but nothing helps. the symptoms are worsening daily.
Migraine,debilitating headache with light and sound sensitivity lasting hours. it's getting progressively worse. it started 14 days ago and hasn't improved.
Acne,Hormonal breakouts along jawline with deep nodular lesions.
Typhoid,Week-long fever with coated tongue muscle pain and general malaise. This has been going on for 10 weeks now.
Cervical spondylosis,pain in my neck spreading to arms with occasional muscle weakness. it fluctuates throughout the day. my family member had similar symptoms.
Pneumonia,Sharp pain in chest when coughing high temperature and extreme fatigue. it's moderate in intensity. I noticed this around 10 days back.
allergy,itchy red welts on skin with swelling and difficulty breathing. this has been going on for 2 weeks now. it's moderate in intensity.
Arthritis,Aching joints with swelling and warmth especially in wrists and ankles. it comes and goes. I've been feeling this way for about 6 days.
Malaria,Periodic high temperature with headache and enlarged spleen area pain.
Arthritis,Joint pain and stiffness that gets worse with cold weather and inactivity. I've been more tired than usual. It started 14 days ago and hasn't improved. it's moderate in intensity.
Migraine,Severe head pain that worsens with movement and accompanied by aura. This is the first time I've had this. it's moderate in intensity.
Fungal infection,itchy moist area in skin folds with reddish discoloration. it's mild but persistent.
Common Cold,Sneezing frequently with nasal congestion and slight body aches. This is the first time I've had this. This has been going on for 13 weeks now.
Psoriasis,my nails have become pitted and ridged and i have plaques on my arms. it started 11 days ago and hasn't improved. i haven't been sleeping well because of this.
Common Cold,Nasal congestion watery eyes and occasional sneezing fits. it's mild but persistent.
peptic ulcer disease,Recurring gnawing abdominal pain with nausea and feeling of fullness. it's quite severe. I noticed this around 5 days back. My family member had similar symptoms.
Dimorphic hemorrhoids(piles),Pain during bowel movements with bright red blood and anal swelling. I noticed this around 13 days back. I haven't been sleeping well because of this.
Cervical spondylosis,Chronic neck pain with numbness and tingling in my fingers. I've been feeling this way for about 4 days. it's mild but persistent.
Cervical spondylosis,stiff neck with grinding sensation and headaches starting from the back of head. it's moderate in intensity. this has been going on for 9 weeks now.
Chicken pox,small fluid-filled blisters appeared on my chest face and back with itching. i've been feeling this way for about 6 days. it fluctuates throughout the day.
Dimorphic hemorrhoids(piles),Itching and discomfort around the rectum with blood on toilet paper. I noticed this around 13 days back. it's quite severe.
Typhoid,i have sustained high fever for over a week with severe headache and fatigue. it's moderate in intensity. this is the first time i've had this.
urinary tract infection,constant urge to urinate with burning sensation and mild fever. my appetite has decreased. i noticed this around 5 days back.
Arthritis,aching joints with swelling and warmth especially in wrists and ankles. this has been going on for 10 weeks now. it's quite severe.
Varicose veins,i get heavy aching legs especially after standing for long periods.
diabetes,Unexplained weight loss with constant hunger tiredness and blurred vision. I noticed this around 8 days back. the symptoms are worsening daily.
Chicken pox,my child has itchy vesicles on the trunk and face with low grade fever.
gastroesophageal reflux disease,Burning in upper abdomen and chest with acidic taste especially at night. it's moderate in intensity. I also feel generally unwell. It started 9 days ago and hasn't improved.
allergy,allergic reaction with swollen lips itching and red blotchy skin. i noticed this around 6 days back. it fluctuates throughout the day.
Dengue,high fever for three days with extreme fatigue joint pain and nausea. it comes and goes. i've been feeling this way for about 10 days.
Varicose veins,I get heavy aching legs especially after standing for long periods. I haven't been sleeping well because of this. it's moderate in intensity.
Typhoid,Prolonged fever with stomach pain diarrhea and loss of appetite. I've been feeling this way for about 6 days.
Fungal infection,itchy flaky patches between my toes with cracking and redness. i noticed this around 1 days back. it's quite severe.
peptic ulcer disease,Burning pain between meals with bloating belching and poor appetite. This has been going on for 10 weeks now. it's moderate in intensity.
Fungal infection,circular rash with clear center and red scaly border on my torso. i tried home remedies but nothing helps. it fluctuates throughout the day.
gastroesophageal reflux disease,burning sensation in my chest after eating with acid taste in mouth. this has been going on for 7 weeks now.
Dimorphic hemorrhoids(piles),Burning sensation with blood in stool and tender lumps near rectum. I've been feeling this way for about 3 days. it's getting progressively worse.
Hypertension,feeling of pressure in my head with fatigue and elevated bp readings. this is the first time i've had this. i've been feeling this way for about 11 days.
urinary tract infection,Constant urge to urinate with burning sensation and mild fever. the symptoms are worsening daily.
Dimorphic hemorrhoids(piles),itching and discomfort around the rectum with blood on toilet paper.
Fungal infection,My feet have peeling itchy skin between the toes with a bad smell. it's mild but persistent. This has been going on for 12 weeks now.
allergy,Skin rash with hives itching and swelling after eating certain foods. This is the first time I've had this. It started 6 days ago and hasn't improved.
Chicken pox,My child has itchy vesicles on the trunk and face with low grade fever. My family member had similar symptoms. This has been going on for 7 weeks now. the symptoms are worsening daily.
Psoriasis,My nails have become pitted and ridged and I have plaques on my arms. This has been going on for 3 weeks now. I had something similar years ago.
Arthritis,joint pain and stiffness that gets worse with cold weather and inactivity. it's mild but persistent.
Chicken pox,rash that started as red spots and turned into blisters spreading everywhere. it's moderate in intensity. i'm quite worried about it.
peptic ulcer disease,Gnawing pain in upper abdomen with bloating nausea and vomiting. My appetite has decreased. I noticed this around 11 days back.
Chicken pox,my child has itchy vesicles on the trunk and face with low grade fever. it's moderate in intensity.
drug reaction,skin eruption with fever and swollen lymph nodes after taking antibiotics. the symptoms are worsening daily. it started 5 days ago and hasn't improved.
Chicken pox,Red bumps that turned into tiny blisters with clear fluid and mild fever. This is the first time I've had this. It started 12 days ago and hasn't improved. the symptoms are worsening daily.
Arthritis,Joint pain and stiffness that gets worse with cold weather and inactivity.
allergy,skin rash with hives itching and swelling after eating certain foods. this has been going on for 9 weeks now. it's quite severe.
Migraine,unilateral throbbing headache with nausea vomiting and phonophobia.
Dimorphic hemorrhoids(piles),rectal bleeding with itchy swollen tissue around the anal area. i noticed this around 5 days back.
Varicose veins,bulging blue purple veins on my calves with occasional cramping at night. i've been feeling this way for about 9 days. it's affecting my daily routine.
allergy,skin rash with hives itching and swelling after eating certain foods. it's getting progressively worse.
Acne,frequent breakouts with inflamed pimples and oily skin on my face. this has been going on for 6 weeks now. the symptoms are worsening daily.
Impetigo,spreading sores with yellow scabs on face that are mildly itchy. it's getting progressively worse. i've been feeling this way for about 2 days.
Impetigo,red painful sores that became crusty and are spreading to other areas. this is the first time i've had this. it's getting progressively worse.
urinary tract infection,Stinging pain when peeing with dark cloudy urine and back pain. it fluctuates throughout the day. I had something similar years ago.
Typhoid,prolonged fever with stomach pain diarrhea and loss of appetite. i've been feeling this way for about 8 days.
diabetes,Tingling in hands and feet with excessive thirst and frequent urination. I've been feeling this way for about 13 days.
Migraine,pounding headache with extreme light sensitivity and need to lie in dark room. it started 9 days ago and hasn't improved.
urinary tract infection,stinging pain when peeing with dark cloudy urine and back pain. i noticed this around 11 days back.
Chicken pox,fever followed by intensely itchy rash with small blisters all over body. it's moderate in intensity. i also feel generally unwell. i've been feeling this way for about 7 days.
Psoriasis,i noticed reddish spots with silvery buildup on my lower back and legs. it's quite severe.
Typhoid,i have sustained high fever for over a week with severe headache and fatigue. i've been feeling this way for about 3 days.
Jaundice,yellowish tint to skin and whites of eyes with nausea and fatigue. it started 14 days ago and hasn't improved.
Acne,I have pimples and blackheads on my face chin and forehead. I've been more tired than usual.
Hypertension,Persistent headaches with occasional nosebleeds and blurred vision. it's getting progressively worse. It started 2 days ago and hasn't improved.
gastroesophageal reflux disease,chest pain after meals with acid coming up into throat. it started 5 days ago and hasn't improved. the symptoms are worsening daily. i also feel generally unwell.
diabetes,unexplained weight loss with constant hunger tiredness and blurred vision. i've been more tired than usual. it fluctuates throughout the day.
Dimorphic hemorrhoids(piles),itching and discomfort around the rectum with blood on toilet paper. it's getting progressively worse. this has been going on for 11 weeks now.
Dimorphic hemorrhoids(piles),rectal bleeding with itchy swollen tissue around the anal area. it comes and goes. i noticed this around 11 days back. this is the first time i've had this.
Psoriasis,itchy dry patches on my torso with shedding skin flakes for weeks. it comes and goes. this has been going on for 12 weeks now.
Hypertension,Chronic headaches with face flushing and anxiety about elevated pressure. the symptoms are worsening daily.
Hypertension,persistent headaches with occasional nosebleeds and blurred vision. i had something similar years ago.
Cervical spondylosis,neck pain and stiffness with pain radiating down to my shoulders and arms. this has been going on for 7 weeks now. it fluctuates throughout the day.
allergy,sneezing fits with nasal congestion itchy eyes triggered by pollen. i noticed this around 13 days back. it's mild but persistent.
Common Cold,persistent sneezing with congestion and post-nasal drip. i've been feeling this way for about 10 days. it's affecting my daily routine.
Jaundice,Dark brown urine with jaundiced skin and tenderness below right ribs. it's quite severe. I noticed this around 8 days back. I haven't been sleeping well because of this.
drug reaction,skin eruption with fever and swollen lymph nodes after taking antibiotics. it's moderate in intensity. i noticed this around 5 days back. i'm quite worried about it.
Common Cold,Stuffy nose with clear watery discharge and scratchy throat. I've been feeling this way for about 1 days.
Dimorphic hemorrhoids(piles),swollen painful hemorrhoids that protrude during straining. it's getting progressively worse. i'm quite worried about it. i've been feeling this way for about 14 days.
Dengue,Acute fever headache myalgia and petechial rash on arms. it fluctuates throughout the day. I'm quite worried about it.
Cervical spondylosis,Stiff neck with grinding sensation and headaches starting from the back of head. This is the first time I've had this. This has been going on for 5 weeks now.
allergy,sneezing fits with nasal congestion itchy eyes triggered by pollen. it's getting progressively worse. it started 8 days ago and hasn't improved.
Pneumonia,I can barely breathe with fever chills and coughing up thick mucus. I've been feeling this way for about 3 days. I've been more tired than usual.
Common Cold,sneezing frequently with nasal congestion and slight body aches. it's quite severe. it started 4 days ago and hasn't improved.
Migraine,Severe head pain that worsens with movement and accompanied by aura. It started 13 days ago and hasn't improved.
Chicken pox,Clusters of blisters at different stages with extreme itchiness and tiredness. My appetite has decreased. I've been feeling this way for about 6 days.
Psoriasis,My skin has thick silvery scales and dry cracked areas that sometimes bleed. it's mild but persistent.
urinary tract infection,Constant urge to urinate with burning sensation and mild fever. This is the first time I've had this. I've been feeling this way for about 1 days.
Jaundice,dark brown urine with jaundiced skin and tenderness below right ribs. it started 9 days ago and hasn't improved. i've been more tired than usual.
Acne,persistent acne on face and back with scarring from old breakouts. this is the first time i've had this. it's moderate in intensity. it started 14 days ago and hasn't improved.
Varicose veins,swollen veins on my lower legs with itching and a burning sensation. it's mild but persistent.
Dengue,Fever with intense joint pain nausea vomiting and fatigue. it fluctuates throughout the day.
peptic ulcer disease,upper stomach pain worse on empty stomach with dark tarry stools. i noticed this around 4 days back. it's mild but persistent.
Dengue,high temperature with retro-orbital pain and bleeding gums. i've been feeling this way for about 4 days. the symptoms are worsening daily.
Jaundice,yellowish tint to skin and whites of eyes with nausea and fatigue. it started 6 days ago and hasn't improved. it's affecting my daily routine. it's moderate in intensity.
Common Cold,i have a runny nose sneezing sore throat and mild cough. it started 10 days ago and hasn't improved. this is the first time i've had this. it fluctuates throughout the day.
Malaria,high fever alternating with chills and sweats with body pain and nausea. i'm quite worried about it. this has been going on for 4 weeks now. it's getting progressively worse.
gastroesophageal reflux disease,chest pain after meals with acid coming up into throat. i've been more tired than usual.
Malaria,high fever with rigors profuse sweating and extreme fatigue. i noticed this around 5 days back. this is the first time i've had this.
Migraine,pounding headache with extreme light sensitivity and need to lie in dark room. i've been feeling this way for about 8 days. it's getting progressively worse.
Jaundice,Yellowing of eyes with fatigue nausea and abdominal pain on right side. I had something similar years ago. it's mild but persistent. It started 9 days ago and hasn't improved.
Arthritis,joint pain and stiffness that gets worse with cold weather and inactivity. i tried home remedies but nothing helps. i noticed this around 6 days back. it's quite severe.
Malaria,Fever spikes with violent shivering followed by drenching sweats. This has been going on for 10 weeks now.
Malaria,Cyclical fever pattern with intense chills sweating and weakness. it comes and goes.
Dimorphic hemorrhoids(piles),I have painful swelling near my anus with bleeding during bowel movements. It started 13 days ago and hasn't improved.
Common Cold,mild sore throat with runny nose and feeling a bit tired. i noticed this around 9 days back.
Hypertension,i have frequent headaches dizziness and my blood pressure readings are high. i'm quite worried about it.
urinary tract infection,constant urge to urinate with burning sensation and mild fever. i'm quite worried about it.
allergy,I have watery eyes runny nose sneezing and itchy throat after exposure to dust. I tried home remedies but nothing helps. it's getting progressively worse.
Common Cold,Sneezing frequently with nasal congestion and slight body aches. It started 8 days ago and hasn't improved. I also feel generally unwell. the symptoms are worsening daily.
Pneumonia,severe cough with greenish phlegm high fever and chest pain when breathing. it's moderate in intensity. i noticed this around 11 days back. it's affecting my daily routine.
Varicose veins,I get heavy aching legs especially after standing for long periods. It started 6 days ago and hasn't improved.
peptic ulcer disease,burning stomach pain that gets worse when hungry and better after eating. this has been going on for 2 weeks now. i'm quite worried about it. it fluctuates throughout the day.
Malaria,Periodic high temperature with headache and enlarged spleen area pain. It started 11 days ago and hasn't improved.
Arthritis,Joint pain and stiffness that gets worse with cold weather and inactivity. This has been going on for 3 weeks now.
urinary tract infection,frequent painful urination with foul smelling cloudy urine. it's quite severe. this has been going on for 9 weeks now.
Bronchial Asthma,Shortness of breath with chest constriction and persistent dry cough. the symptoms are worsening daily.
Typhoid,week-long fever with coated tongue muscle pain and general malaise. it's mild but persistent. i've been more tired than usual.
Pneumonia,persistent cough with rust-colored sputum fever and shortness of breath. i noticed this around 13 days back.
Bronchial Asthma,my breathing gets worse with dust and cold air with chest tightness. i've been feeling this way for about 7 days. it's quite severe.
Bronchial Asthma,I have wheezing and difficulty breathing especially at night and during exercise. My family member had similar symptoms. I noticed this around 11 days back.
Varicose veins,my legs cramp at night and twisted veins are becoming more prominent. i had something similar years ago. it started 2 days ago and hasn't improved. it fluctuates throughout the day.
peptic ulcer disease,Epigastric pain that wakes me up at night with acid reflux. This has been going on for 10 weeks now.
Dimorphic hemorrhoids(piles),Swollen painful hemorrhoids that protrude during straining. it comes and goes. I noticed this around 7 days back.
Malaria,High fever with rigors profuse sweating and extreme fatigue. I noticed this around 5 days back. it's moderate in intensity.
urinary tract infection,Burning sensation when urinating with frequent urge to go and cloudy urine. My family member had similar symptoms. I've been feeling this way for about 1 days. it's mild but persistent.
allergy,Nasal congestion with itchy watery eyes and scratchy throat from pet dander. This has been going on for 9 weeks now. it comes and goes.
Psoriasis,My nails have become pitted and ridged and I have plaques on my arms. It started 10 days ago and hasn't improved. I tried home remedies but nothing helps. it fluctuates throughout the day.
Common Cold,persistent sneezing with congestion and post-nasal drip. it's getting progressively worse. i've been more tired than usual.
Cervical spondylosis,Pain in my neck spreading to arms with occasional muscle weakness. it comes and goes. I noticed this around 2 days back.
Acne,deep painful cysts under the skin with multiple blackheads on nose.
Psoriasis,Itchy dry patches on my torso with shedding skin flakes for weeks. I'm quite worried about it. the symptoms are worsening daily. This has been going on for 14 weeks now.
Chicken pox,Widespread itchy rash with blisters crusting over and new ones appearing. it's getting progressively worse. I also feel generally unwell.
Pneumonia,high fever shaking chills and cough producing thick yellow mucus. it's getting progressively worse. i noticed this around 5 days back. my family member had similar symptoms.
Acne,Painful red bumps and whiteheads breaking out on my cheeks and jawline. This has been going on for 8 weeks now. it comes and goes.
Dengue,Fever with intense joint pain nausea vomiting and fatigue. I had something similar years ago. it's mild but persistent. I've been feeling this way for about 5 days.
Jaundice,Yellowing of eyes with fatigue nausea and abdominal pain on right side. It started 5 days ago and hasn't improved. it's moderate in intensity.
Pneumonia,Sharp pain in chest when coughing high temperature and extreme fatigue. It started 8 days ago and hasn't improved.
Hypertension,I have frequent headaches dizziness and my blood pressure readings are high. I've been feeling this way for about 1 days.
Arthritis,joint pain and stiffness that gets worse with cold weather and inactivity. this has been going on for 1 weeks now. i had something similar years ago. it fluctuates throughout the day.
peptic ulcer disease,Burning stomach pain that gets worse when hungry and better after eating. I noticed this around 3 days back.
Hypertension,Feeling of pressure in my head with fatigue and elevated BP readings. the symptoms are worsening daily. I noticed this around 11 days back.
Hypertension,My doctor said my blood pressure is very high and I get headaches daily. It started 4 days ago and hasn't improved.
drug reaction,allergic skin reaction with blistering after taking painkillers. this has been going on for 2 weeks now. the symptoms are worsening daily.
diabetes,Increased appetite with weight loss blurry vision and slow wound healing. it's moderate in intensity.
gastroesophageal reflux disease,frequent heartburn with belching bloating and chest discomfort. i've been feeling this way for about 5 days. it fluctuates throughout the day.
gastroesophageal reflux disease,heartburn that gets worse when lying down with regurgitation of food. it comes and goes. i noticed this around 6 days back.
Dengue,severe fever with break-bone pain rash and swollen lymph nodes. it's affecting my daily routine. it's mild but persistent. i've been feeling this way for about 5 days.
Fungal infection,Circular rash with clear center and red scaly border on my torso. it's quite severe. I'm quite worried about it.
Psoriasis,burning sensation on scaly red patches near my hairline and behind ears. the symptoms are worsening daily. this has been going on for 14 weeks now. i also feel generally unwell.
urinary tract infection,pain during urination with strong smelling urine and pelvic pressure. i've been feeling this way for about 3 days.
Fungal infection,red scaly circular lesions on my arms that spread outward. it comes and goes.
Bronchial Asthma,Chronic cough at night with wheezing and feeling of suffocation. it comes and goes. I've been feeling this way for about 9 days. I've been more tired than usual.
drug reaction,hives and swelling with itching that started after medication change. this has been going on for 4 weeks now.
Cervical spondylosis,Neck stiffness with reduced mobility and tingling in both hands. This has been going on for 5 weeks now. it fluctuates throughout the day.
Impetigo,blisters that ooze and form yellowish brown scabs near the mouth. my appetite has decreased. it's moderate in intensity.
Chicken pox,My child has itchy vesicles on the trunk and face with low grade fever. My family member had similar symptoms. This has been going on for 8 weeks now. it's getting progressively worse.
Varicose veins,My legs have swollen twisted veins that are very visible and painful. it's getting progressively worse.
Arthritis,Swollen painful joints in my hands and knees with reduced range of motion. It's affecting my daily routine. I've been feeling this way for about 7 days.
Psoriasis,My skin has thick silvery scales and dry cracked areas that sometimes bleed. This has been going on for 13 weeks now. My appetite has decreased. it's moderate in intensity.
Common Cold,mild sore throat with runny nose and feeling a bit tired. it's quite severe.
Migraine,severe head pain that worsens with movement and accompanied by aura. i noticed this around 4 days back. this is the first time i've had this. it fluctuates throughout the day.
drug reaction,widespread rash with peeling skin and mouth ulcers from a drug. it's getting progressively worse. i also feel generally unwell. this has been going on for 4 weeks now.
peptic ulcer disease,Burning abdominal pain with loss of appetite and unintentional weight loss. it's quite severe. It started 3 days ago and hasn't improved. I haven't been sleeping well because of this.
Bronchial Asthma,Recurrent episodes of breathlessness with dry cough and wheezing. This is the first time I've had this. it's moderate in intensity. I've been feeling this way for about 8 days.
gastroesophageal reflux disease,burning sensation in my chest after eating with acid taste in mouth. it's getting progressively worse. it started 12 days ago and hasn't improved.
Fungal infection,itchy flaky patches between my toes with cracking and redness.
Pneumonia,high fever shaking chills and cough producing thick yellow mucus. the symptoms are worsening daily.
allergy,allergic reaction with swollen lips itching and red blotchy skin. i tried home remedies but nothing helps. it started 11 days ago and hasn't improved. it's quite severe.
Impetigo,my child has honey-colored crusty sores spreading on the face and hands. it's moderate in intensity. i noticed this around 12 days back.
Impetigo,Red painful sores that became crusty and are spreading to other areas. This has been going on for 2 weeks now. I'm quite worried about it. it's mild but persistent.
urinary tract infection,i need to urinate constantly but only small amounts come out with burning. it comes and goes.
urinary tract infection,Burning urination with blood in urine and lower abdominal pain. It started 12 days ago and hasn't improved.
Varicose veins,My ankles swell by evening and I can see enlarged veins on my thighs. This has been going on for 2 weeks now. it's getting progressively worse. I haven't been sleeping well because of this.
urinary tract infection,burning urination with blood in urine and lower abdominal pain. it started 10 days ago and hasn't improved. i haven't been sleeping well because of this.
Varicose veins,I have throbbing pain in my legs with spider veins spreading on my shins. it fluctuates throughout the day. I noticed this around 10 days back.
Malaria,recurring fever every two days with shaking chills and body aches. i noticed this around 8 days back. it's moderate in intensity.
Dengue,i feel terrible with high fever body aches and a flat red rash appearing. i tried home remedies but nothing helps. it comes and goes. i've been feeling this way for about 3 days.
Hypertension,persistent headaches with occasional nosebleeds and blurred vision. this has been going on for 3 weeks now.
Varicose veins,My legs have swollen twisted veins that are very visible and painful. it's mild but persistent. I tried home remedies but nothing helps.
Pneumonia,sharp pain in chest when coughing high temperature and extreme fatigue. this has been going on for 12 weeks now. it's getting progressively worse.
Cervical spondylosis,neck pain and stiffness with pain radiating down to my shoulders and arms. i've been feeling this way for about 9 days.
Chicken pox,i have itchy red blisters all over my body with mild fever. i've been feeling this way for about 11 days. it's mild but persistent.
Varicose veins,swollen veins on my lower legs with itching and a burning sensation. it fluctuates throughout the day. it started 9 days ago and hasn't improved. i had something similar years ago.
gastroesophageal reflux disease,chronic chest burning with sour taste and difficulty swallowing. it fluctuates throughout the day.
Acne,deep painful cysts under the skin with multiple blackheads on nose. it's affecting my daily routine. it started 4 days ago and hasn't improved.
Pneumonia,I can barely breathe with fever chills and coughing up thick mucus. it fluctuates throughout the day.
Migraine,Recurring severe headaches preceded by flashing lights and numbness. it's quite severe. This has been going on for 12 weeks now.
Chicken pox,red bumps that turned into tiny blisters with clear fluid and mild fever. it started 4 days ago and hasn't improved. i've been more tired than usual. it's getting progressively worse.
Dengue,Sudden high fever with muscle aches bone pain and skin rash. it's mild but persistent. I've been feeling this way for about 2 days. I've been more tired than usual.
Impetigo,my child has honey-colored crusty sores spreading on the face and hands. it started 10 days ago and hasn't improved. it comes and goes. i had something similar years ago.
Dimorphic hemorrhoids(piles),Burning sensation with blood in stool and tender lumps near rectum. I've been feeling this way for about 5 days.
diabetes,fatigue with polydipsia polyuria and recurrent infections. this has been going on for 9 weeks now. it's mild but persistent.
Acne,Frequent breakouts with inflamed pimples and oily skin on my face. It started 1 days ago and hasn't improved. This is the first time I've had this.
Typhoid,High grade fever with headache lethargy and greenish loose stools. It started 11 days ago and hasn't improved.
Bronchial Asthma,I have wheezing and difficulty breathing especially at night and during exercise. This has been going on for 4 weeks now. it comes and goes.
peptic ulcer disease,Upper stomach pain worse on empty stomach with dark tarry stools. It started 1 days ago and hasn't improved. it's mild but persistent.
Cervical spondylosis,Stiff neck with grinding sensation and headaches starting from the back of head. it's getting progressively worse.
Arthritis,Aching joints with swelling and warmth especially in wrists and ankles. It started 3 days ago and hasn't improved.
Bronchial Asthma,Shortness of breath with chest constriction and persistent dry cough. This is the first time I've had this.
Cervical spondylosis,pain in my neck spreading to arms with occasional muscle weakness. i also feel generally unwell. it's getting progressively worse. this has been going on for 6 weeks now.
gastroesophageal reflux disease,Chest pain after meals with acid coming up into throat. I've been more tired than usual. it's getting progressively worse.
Malaria,I have cyclical high fever with chills sweating and severe headache. This has been going on for 10 weeks now. the symptoms are worsening daily.
Typhoid,fever that won't go down with poor appetite nausea and abdominal tenderness. i've been more tired than usual.
Typhoid,I have sustained high fever for over a week with severe headache and fatigue. it fluctuates throughout the day. I've been more tired than usual.
Dimorphic hemorrhoids(piles),Itching and discomfort around the rectum with blood on toilet paper. This is the first time I've had this. I noticed this around 5 days back.
Migraine,severe throbbing headache on one side with nausea and sensitivity to light. i've been feeling this way for about 1 days.
allergy,Sneezing fits with nasal congestion itchy eyes triggered by pollen. My family member had similar symptoms. It started 3 days ago and hasn't improved.
Varicose veins,i get heavy aching legs especially after standing for long periods. i've been feeling this way for about 10 days. it's quite severe.
Bronchial Asthma,wheezing attacks with rapid breathing and inability to catch my breath. i also feel generally unwell. the symptoms are worsening daily. it started 14 days ago and hasn't improved.
Cervical spondylosis,Neck pain with dizziness and radiating arm pain with numbness. This is the first time I've had this. It started 7 days ago and hasn't improved.
allergy,Nasal congestion with itchy watery eyes and scratchy throat from pet dander. it's getting progressively worse. I tried home remedies but nothing helps.
Hypertension,my doctor said my blood pressure is very high and i get headaches daily. it's moderate in intensity. i haven't been sleeping well because of this.
urinary tract infection,I need to urinate constantly but only small amounts come out with burning. It started 3 days ago and hasn't improved.
urinary tract infection,Burning sensation when urinating with frequent urge to go and cloudy urine. I noticed this around 8 days back. it's mild but persistent.
Typhoid,high grade fever with headache lethargy and greenish loose stools. i've been feeling this way for about 12 days.
Bronchial Asthma,Wheezing attacks with rapid breathing and inability to catch my breath. I've been feeling this way for about 2 days. it's moderate in intensity.
Common Cold,I caught a cold with blocked nose coughing and mild headache. the symptoms are worsening daily. I noticed this around 14 days back.
Dengue,i feel terrible with high fever body aches and a flat red rash appearing. this has been going on for 11 weeks now. it comes and goes.
Hypertension,my doctor said my blood pressure is very high and i get headaches daily. it fluctuates throughout the day.
Psoriasis,my nails have become pitted and ridged and i have plaques on my arms. it's moderate in intensity. i've been feeling this way for about 12 days.
Fungal infection,White patches on skin with flaking and itching especially after sweating. This has been going on for 1 weeks now.
Cervical spondylosis,Neck pain and stiffness with pain radiating down to my shoulders and arms. it comes and goes. I haven't been sleeping well because of this.
Chicken pox,fever followed by intensely itchy rash with small blisters all over body. it started 14 days ago and hasn't improved. i'm quite worried about it.
Typhoid,fever that won't go down with poor appetite nausea and abdominal tenderness. i've been more tired than usual. the symptoms are worsening daily. i noticed this around 2 days back.
Psoriasis,i've had persistent skin redness with flaky patches spreading on my scalp. it's getting progressively worse. my appetite has decreased.
Bronchial Asthma,episodes of difficulty breathing with audible wheeze triggered by allergens. it fluctuates throughout the day. this has been going on for 12 weeks now.
allergy,nasal congestion with itchy watery eyes and scratchy throat from pet dander.
Varicose veins,swollen veins on my lower legs with itching and a burning sensation. i've been feeling this way for about 13 days. it's quite severe.
Dengue,fever with intense joint pain nausea vomiting and fatigue. it's quite severe.
drug reaction,Fever and skin rash with joint pain after starting new medicine.
Pneumonia,Persistent cough with rust-colored sputum fever and shortness of breath. it comes and goes.
allergy,Nasal congestion with itchy watery eyes and scratchy throat from pet dander. This has been going on for 6 weeks now.
Cervical spondylosis,neck pain with dizziness and radiating arm pain with numbness. it comes and goes.
Jaundice,progressive yellowing of skin with itching fatigue and poor appetite. it's quite severe. this has been going on for 10 weeks now. i'm quite worried about it.
Hypertension,my doctor said my blood pressure is very high and i get headaches daily. it comes and goes. i had something similar years ago.
Fungal infection,red scaly circular lesions on my arms that spread outward. my family member had similar symptoms.
Fungal infection,My feet have peeling itchy skin between the toes with a bad smell. the symptoms are worsening daily.
Malaria,cyclical fever pattern with intense chills sweating and weakness. it fluctuates throughout the day.
Fungal infection,Itchy moist area in skin folds with reddish discoloration. I've been feeling this way for about 13 days. I had something similar years ago.
Typhoid,week-long fever with coated tongue muscle pain and general malaise. it's getting progressively worse.
Typhoid,prolonged fever with stomach pain diarrhea and loss of appetite. i've been more tired than usual. it comes and goes.
drug reaction,Widespread rash with peeling skin and mouth ulcers from a drug. it's quite severe.
Acne,Frequent breakouts with inflamed pimples and oily skin on my face. I noticed this around 8 days back. it comes and goes.
Hypertension,My doctor said my blood pressure is very high and I get headaches daily. I had something similar years ago. it comes and goes. I've been feeling this way for about 11 days.
Hypertension,Chronic headaches with face flushing and anxiety about elevated pressure.
Varicose veins,Bulging blue purple veins on my calves with occasional cramping at night. I've been feeling this way for about 5 days. I've been more tired than usual.
Migraine,unilateral throbbing headache with nausea vomiting and phonophobia. it started 3 days ago and hasn't improved. my appetite has decreased. it's mild but persistent.
Cervical spondylosis,Stiff neck with grinding sensation and headaches starting from the back of head. I've been feeling this way for about 8 days.
Common Cold,i have a runny nose sneezing sore throat and mild cough. it's quite severe. i haven't been sleeping well because of this.
diabetes,unexplained weight loss with constant hunger tiredness and blurred vision. it's mild but persistent. i noticed this around 13 days back.
Typhoid,Fever that won't go down with poor appetite nausea and abdominal tenderness. it fluctuates throughout the day. I tried home remedies but nothing helps.
Dimorphic hemorrhoids(piles),Burning sensation with blood in stool and tender lumps near rectum.
Hypertension,Dizziness with ringing in ears and consistently high blood pressure. I've been feeling this way for about 6 days.
Common Cold,Runny nose sore throat and general feeling of being unwell. I noticed this around 7 days back. it's getting progressively worse.
diabetes,Fatigue with polydipsia polyuria and recurrent infections.
urinary tract infection,urgency to urinate with dysuria and suprapubic discomfort. this is the first time i've had this. i've been feeling this way for about 12 days. it comes and goes.
Fungal infection,Itchy flaky patches between my toes with cracking and redness. it's quite severe. My family member had similar symptoms.
Psoriasis,itchy dry patches on my torso with shedding skin flakes for weeks. this has been going on for 4 weeks now.
Hypertension,frequent dizziness headaches and shortness of breath on exertion. it fluctuates throughout the day. it started 9 days ago and hasn't improved.
Psoriasis,There are raised inflamed lesions on my skin covered with whitish scales. it's moderate in intensity. I noticed this around 8 days back.
Jaundice,Dark brown urine with jaundiced skin and tenderness below right ribs. the symptoms are worsening daily.
Arthritis,Bilateral joint swelling with tenderness and difficulty gripping objects. I haven't been sleeping well because of this. This has been going on for 9 weeks now.
Jaundice,My urine is very dark and skin looks yellowish with loss of appetite. the symptoms are worsening daily. This has been going on for 8 weeks now. My appetite has decreased.
drug reaction,Itchy raised welts with facial swelling following drug administration. the symptoms are worsening daily. This has been going on for 5 weeks now.
Pneumonia,difficulty breathing with productive cough fever and sharp chest pain. it comes and goes. i've been feeling this way for about 9 days. i haven't been sleeping well because of this.
Jaundice,Yellow discoloration of skin with itching and clay-colored stools. This has been going on for 2 weeks now. My family member had similar symptoms.
Arthritis,Bilateral joint swelling with tenderness and difficulty gripping objects.
Cervical spondylosis,Pain in my neck spreading to arms with occasional muscle weakness. This has been going on for 11 weeks now.
drug reaction,Red blotchy rash appeared hours after taking my new prescription. the symptoms are worsening daily. I noticed this around 3 days back.
Malaria,Fever spikes with violent shivering followed by drenching sweats. I've been feeling this way for about 1 days.
Psoriasis,Itchy dry patches on my torso with shedding skin flakes for weeks. It started 5 days ago and hasn't improved. the symptoms are worsening daily.
Chicken pox,clusters of blisters at different stages with extreme itchiness and tiredness. i noticed this around 5 days back. this is the first time i've had this.
Impetigo,spreading sores with yellow scabs on face that are mildly itchy. this is the first time i've had this. it fluctuates throughout the day. it started 4 days ago and hasn't improved.
Jaundice,Yellow discoloration of skin with itching and clay-colored stools. It started 6 days ago and hasn't improved. it's quite severe.
drug reaction,itchy raised welts with facial swelling following drug administration. i also feel generally unwell. it started 6 days ago and hasn't improved.
drug reaction,widespread rash with peeling skin and mouth ulcers from a drug. this has been going on for 4 weeks now. it fluctuates throughout the day.
Cervical spondylosis,Pain in my neck spreading to arms with occasional muscle weakness. it's getting progressively worse.
diabetes,Unexplained weight loss with constant hunger tiredness and blurred vision. it fluctuates throughout the day. My family member had similar symptoms. I noticed this around 4 days back.
Dimorphic hemorrhoids(piles),swollen painful hemorrhoids that protrude during straining. it's moderate in intensity. it's affecting my daily routine. it started 3 days ago and hasn't improved.
Chicken pox,Widespread itchy rash with blisters crusting over and new ones appearing. I've been feeling this way for about 3 days.
Bronchial Asthma,Episodes of difficulty breathing with audible wheeze triggered by allergens.
Hypertension,I have frequent headaches dizziness and my blood pressure readings are high. I had something similar years ago. This has been going on for 10 weeks now. it's getting progressively worse.
Malaria,periodic high temperature with headache and enlarged spleen area pain. this has been going on for 2 weeks now. i tried home remedies but nothing helps.
Dengue,severe fever with break-bone pain rash and swollen lymph nodes. i noticed this around 7 days back. i tried home remedies but nothing helps.
Bronchial Asthma,Chronic cough at night with wheezing and feeling of suffocation. I've been feeling this way for about 9 days. it's mild but persistent. My family member had similar symptoms.
diabetes,Unexplained weight loss with constant hunger tiredness and blurred vision. This has been going on for 7 weeks now.
Hypertension,Throbbing headache with visual disturbances and pounding heartbeat. My appetite has decreased. it's getting progressively worse. This has been going on for 2 weeks now.
Malaria,Recurring fever every two days with shaking chills and body aches. It started 2 days ago and hasn't improved.
Acne,hormonal breakouts along jawline with deep nodular lesions. the symptoms are worsening daily. i've been feeling this way for about 11 days.
peptic ulcer disease,Recurring gnawing abdominal pain with nausea and feeling of fullness. I've been more tired than usual. it fluctuates throughout the day.
Migraine,Pounding headache with extreme light sensitivity and need to lie in dark room. I've been feeling this way for about 11 days. it's quite severe. This is the first time I've had this.
Cervical spondylosis,neck pain and stiffness with pain radiating down to my shoulders and arms. this is the first time i've had this. this has been going on for 9 weeks now. it's mild but persistent.
Psoriasis,"I have red, scaly patches on my elbows and knees that are very itchy. it's mild but persistent. I noticed this around 3 days back."
Typhoid,persistent fever with body aches chills and no energy to do anything. it's quite severe. it started 7 days ago and hasn't improved.
Fungal infection,White patches on skin with flaking and itching especially after sweating. it fluctuates throughout the day.
Dengue,High fever for three days with extreme fatigue joint pain and nausea. it's moderate in intensity.
urinary tract infection,Pain during urination with strong smelling urine and pelvic pressure. I had something similar years ago.
diabetes,i'm always thirsty urinating frequently and losing weight despite eating well. my family member had similar symptoms.
Chicken pox,i have itchy red blisters all over my body with mild fever. it's affecting my daily routine.
Typhoid,High grade fever with headache lethargy and greenish loose stools. My family member had similar symptoms. It started 3 days ago and hasn't improved.
diabetes,constant fatigue with increased hunger frequent urination and blurry vision. i'm quite worried about it. it's getting progressively worse. this has been going on for 9 weeks now.
Malaria,fever spikes with violent shivering followed by drenching sweats. i noticed this around 13 days back. i'm quite worried about it. it's moderate in intensity.
Bronchial Asthma,My breathing gets worse with dust and cold air with chest tightness.
Chicken pox,My child has itchy vesicles on the trunk and face with low grade fever. I had something similar years ago. I've been feeling this way for about 2 days. the symptoms are worsening daily.
Fungal infection,itchy flaky patches between my toes with cracking and redness. i'm quite worried about it. i noticed this around 7 days back.
Dimorphic hemorrhoids(piles),Rectal bleeding with itchy swollen tissue around the anal area. I noticed this around 14 days back. This is the first time I've had this.
Fungal infection,Itchy moist area in skin folds with reddish discoloration. I had something similar years ago. it's getting progressively worse.
gastroesophageal reflux disease,Chest pain after meals with acid coming up into throat. I also feel generally unwell.
allergy,Allergic reaction with swollen lips itching and red blotchy skin. My family member had similar symptoms. I noticed this around 1 days back.
Migraine,One-sided head pain with zigzag visual patterns nausea and photophobia. I haven't been sleeping well because of this. it's getting progressively worse. I noticed this around 12 days back.
diabetes,Unexplained weight loss with constant hunger tiredness and blurred vision.
Arthritis,bilateral joint swelling with tenderness and difficulty gripping objects. it started 6 days ago and hasn't improved. my family member had similar symptoms.
Common Cold,nasal congestion watery eyes and occasional sneezing fits. i noticed this around 12 days back. i'm quite worried about it. it's moderate in intensity.
Psoriasis,My nails have become pitted and ridged and I have plaques on my arms. My appetite has decreased. I noticed this around 12 days back.
Dimorphic hemorrhoids(piles),Painful lumps near the anus that bleed when I strain during defecation. It started 7 days ago and hasn't improved. it's moderate in intensity.
Chicken pox,I have itchy red blisters all over my body with mild fever. I noticed this around 13 days back.
gastroesophageal reflux disease,frequent heartburn with belching bloating and chest discomfort. it started 10 days ago and hasn't improved.
Chicken pox,small fluid-filled blisters appeared on my chest face and back with itching. it's affecting my daily routine. it fluctuates throughout the day.
Psoriasis,my skin has thick silvery scales and dry cracked areas that sometimes bleed. i noticed this around 7 days back.
Arthritis,Joint pain and stiffness that gets worse with cold weather and inactivity. I haven't been sleeping well because of this.
Psoriasis,Burning sensation on scaly red patches near my hairline and behind ears. it's getting progressively worse. It started 1 days ago and hasn't improved.
Chicken pox,rash that started as red spots and turned into blisters spreading everywhere. it's moderate in intensity.
Arthritis,Joint pain and stiffness that gets worse with cold weather and inactivity. My family member had similar symptoms. It started 7 days ago and hasn't improved.
Arthritis,bilateral joint swelling with tenderness and difficulty gripping objects. i noticed this around 11 days back. i haven't been sleeping well because of this.
allergy,Sneezing fits with nasal congestion itchy eyes triggered by pollen. I had something similar years ago.
urinary tract infection,stinging pain when peeing with dark cloudy urine and back pain. it's affecting my daily routine. it's getting progressively worse. it started 6 days ago and hasn't improved.
Jaundice,Progressive yellowing of skin with itching fatigue and poor appetite. it's quite severe.
allergy,Nasal congestion with itchy watery eyes and scratchy throat from pet dander. I've been feeling this way for about 10 days. My family member had similar symptoms.
Dimorphic hemorrhoids(piles),pain during bowel movements with bright red blood and anal swelling. my family member had similar symptoms. i've been feeling this way for about 4 days.
peptic ulcer disease,Epigastric pain that wakes me up at night with acid reflux. I also feel generally unwell.
Dengue,i feel terrible with high fever body aches and a flat red rash appearing. it's getting progressively worse. i've been feeling this way for about 10 days.
gastroesophageal reflux disease,heartburn that gets worse when lying down with regurgitation of food. it started 7 days ago and hasn't improved. it's quite severe. i tried home remedies but nothing helps.
Cervical spondylosis,chronic neck pain with numbness and tingling in my fingers. it comes and goes. i haven't been sleeping well because of this.
urinary tract infection,stinging pain when peeing with dark cloudy urine and back pain. this has been going on for 5 weeks now. my family member had similar symptoms.
Impetigo,Spreading sores with yellow scabs on face that are mildly itchy. it's mild but persistent. I've been feeling this way for about 7 days.
Psoriasis,my nails have become pitted and ridged and i have plaques on my arms. it's quite severe. i noticed this around 3 days back. i haven't been sleeping well because of this.
Dengue,Acute fever headache myalgia and petechial rash on arms. It started 5 days ago and hasn't improved.
peptic ulcer disease,Burning abdominal pain with loss of appetite and unintentional weight loss. it's getting progressively worse. I haven't been sleeping well because of this.
Pneumonia,Sharp pain in chest when coughing high temperature and extreme fatigue. it's getting progressively worse. It started 9 days ago and hasn't improved. My family member had similar symptoms.
diabetes,Increased appetite with weight loss blurry vision and slow wound healing.
Common Cold,Runny nose sore throat and general feeling of being unwell. the symptoms are worsening daily. I've been more tired than usual.
Impetigo,Red sores on my face around nose and mouth that burst and form crusts. It started 11 days ago and hasn't improved. I've been more tired than usual.
Psoriasis,i've had persistent skin redness with flaky patches spreading on my scalp. i've been feeling this way for about 1 days. it's mild but persistent.
Hypertension,feeling of pressure in my head with fatigue and elevated bp readings. i noticed this around 14 days back. it comes and goes.
Migraine,One-sided head pain with zigzag visual patterns nausea and photophobia. This has been going on for 9 weeks now.
diabetes,constant fatigue with increased hunger frequent urination and blurry vision. i tried home remedies but nothing helps. it's moderate in intensity.
Common Cold,persistent sneezing with congestion and post-nasal drip. it's getting progressively worse.
Dimorphic hemorrhoids(piles),rectal bleeding with itchy swollen tissue around the anal area. it's mild but persistent. i've been feeling this way for about 5 days.
Malaria,Fever spikes with violent shivering followed by drenching sweats. I noticed this around 12 days back. it's moderate in intensity.
diabetes,unexplained weight loss with constant hunger tiredness and blurred vision. it comes and goes.
Hypertension,frequent dizziness headaches and shortness of breath on exertion. it's affecting my daily routine. it started 4 days ago and hasn't improved.
Psoriasis,burning sensation on scaly red patches near my hairline and behind ears. i haven't been sleeping well because of this.
gastroesophageal reflux disease,acid reflux causing burning throat especially after heavy meals.
diabetes,Frequent urination especially at night with unquenchable thirst. it comes and goes. I've been feeling this way for about 1 days. This is the first time I've had this.
Chicken pox,Rash that started as red spots and turned into blisters spreading everywhere. My appetite has decreased. it's moderate in intensity. I noticed this around 2 days back.
peptic ulcer disease,Epigastric pain that wakes me up at night with acid reflux. It started 2 days ago and hasn't improved.
peptic ulcer disease,Burning stomach pain that gets worse when hungry and better after eating. This has been going on for 10 weeks now. the symptoms are worsening daily.
drug reaction,i developed a rash and itching all over after starting a new medication. the symptoms are worsening daily. i've been feeling this way for about 8 days.
Arthritis,Aching joints with swelling and warmth especially in wrists and ankles. This has been going on for 2 weeks now. it's mild but persistent.
urinary tract infection,Pain during urination with strong smelling urine and pelvic pressure. This is the first time I've had this. I've been feeling this way for about 14 days.
allergy,I have watery eyes runny nose sneezing and itchy throat after exposure to dust. It started 2 days ago and hasn't improved.
diabetes,Unexplained weight loss with constant hunger tiredness and blurred vision. I'm quite worried about it. it fluctuates throughout the day.
drug reaction,hives and swelling with itching that started after medication change. i've been feeling this way for about 4 days. it's getting progressively worse.
Jaundice,Eyes are yellow with upper abdominal pain and general weakness. This has been going on for 1 weeks now. It's affecting my daily routine.
Acne,Red inflamed papules and pustules on cheeks with excess oil production. I noticed this around 11 days back.
Chicken pox,Rash that started as red spots and turned into blisters spreading everywhere. it's moderate in intensity. I noticed this around 3 days back. My family member had similar symptoms.
Hypertension,Feeling of pressure in my head with fatigue and elevated BP readings. it's getting progressively worse. This has been going on for 2 weeks now.
diabetes,Extreme thirst with frequent trips to bathroom and slow healing wounds. I noticed this around 10 days back. I tried home remedies but nothing helps.
Chicken pox,my child has itchy vesicles on the trunk and face with low grade fever. it comes and goes. it started 12 days ago and hasn't improved.
Jaundice,Dark brown urine with jaundiced skin and tenderness below right ribs. I also feel generally unwell.
Migraine,One-sided head pain with zigzag visual patterns nausea and photophobia. I've been more tired than usual.
gastroesophageal reflux disease,Acid reflux causing burning throat especially after heavy meals. It started 4 days ago and hasn't improved.
Malaria,fever spikes with violent shivering followed by drenching sweats. it's mild but persistent.
Malaria,recurring fever every two days with shaking chills and body aches. i've been feeling this way for about 14 days. it fluctuates throughout the day.
urinary tract infection,burning sensation when urinating with frequent urge to go and cloudy urine. it started 1 days ago and hasn't improved. it comes and goes. my appetite has decreased.
diabetes,Frequent urination especially at night with unquenchable thirst. I noticed this around 14 days back. I'm quite worried about it.
Chicken pox,small fluid-filled blisters appeared on my chest face and back with itching. this has been going on for 7 weeks now. the symptoms are worsening daily.
allergy,Sneezing fits with nasal congestion itchy eyes triggered by pollen. it's getting progressively worse. I noticed this around 10 days back. I've been more tired than usual.
gastroesophageal reflux disease,frequent heartburn with belching bloating and chest discomfort. it's quite severe.
Arthritis,Bilateral joint swelling with tenderness and difficulty gripping objects. It started 14 days ago and hasn't improved. I also feel generally unwell.
Typhoid,high temperature that keeps rising with abdominal discomfort and weakness. this is the first time i've had this. it comes and goes.
Impetigo,My child has honey-colored crusty sores spreading on the face and hands. It started 13 days ago and hasn't improved. I've been more tired than usual. it's quite severe.
allergy,Skin rash with hives itching and swelling after eating certain foods. I noticed this around 13 days back. I'm quite worried about it.
Malaria,Periodic high temperature with headache and enlarged spleen area pain. I've been feeling this way for about 3 days.
Typhoid,Week-long fever with coated tongue muscle pain and general malaise. It started 3 days ago and hasn't improved.
Pneumonia,Difficulty breathing with productive cough fever and sharp chest pain. I've been feeling this way for about 10 days. I haven't been sleeping well because of this.
Pneumonia,Difficulty breathing with productive cough fever and sharp chest pain. It started 3 days ago and hasn't improved.
Bronchial Asthma,tight chest with shortness of breath and whistling sound when exhaling. the symptoms are worsening daily. this has been going on for 9 weeks now.
Acne,My skin has cystic lesions and comedones mainly on forehead and nose. I noticed this around 9 days back.
drug reaction,Hives and swelling with itching that started after medication change. the symptoms are worsening daily.
urinary tract infection,constant urge to urinate with burning sensation and mild fever. it's quite severe. it started 10 days ago and hasn't improved.
Hypertension,i have frequent headaches dizziness and my blood pressure readings are high. i noticed this around 9 days back. i'm quite worried about it. it fluctuates throughout the day.
Typhoid,week-long fever with coated tongue muscle pain and general malaise. i noticed this around 7 days back. i tried home remedies but nothing helps. it fluctuates throughout the day.
Varicose veins,i have throbbing pain in my legs with spider veins spreading on my shins.
Chicken pox,fever followed by intensely itchy rash with small blisters all over body. it comes and goes. i'm quite worried about it. it started 5 days ago and hasn't improved.
Pneumonia,Difficulty breathing with productive cough fever and sharp chest pain. it comes and goes. I've been feeling this way for about 8 days.
diabetes,i'm always thirsty urinating frequently and losing weight despite eating well. i also feel generally unwell. this has been going on for 13 weeks now.
Impetigo,Small blisters that break open and weep fluid forming thick crusts. It started 8 days ago and hasn't improved. I had something similar years ago. it's mild but persistent.
peptic ulcer disease,Burning pain between meals with bloating belching and poor appetite. It started 8 days ago and hasn't improved. it's getting progressively worse.
Hypertension,my doctor said my blood pressure is very high and i get headaches daily. this has been going on for 7 weeks now. it's mild but persistent.
drug reaction,red blotchy rash appeared hours after taking my new prescription. this has been going on for 7 weeks now.
Impetigo,red painful sores that became crusty and are spreading to other areas. the symptoms are worsening daily. it started 4 days ago and hasn't improved.
Psoriasis,I've had persistent skin redness with flaky patches spreading on my scalp. This has been going on for 3 weeks now. I've been more tired than usual.
Chicken pox,My child has itchy vesicles on the trunk and face with low grade fever. it fluctuates throughout the day. It started 3 days ago and hasn't improved.
Psoriasis,My nails have become pitted and ridged and I have plaques on my arms. My appetite has decreased. It started 14 days ago and hasn't improved.
Dimorphic hemorrhoids(piles),Burning sensation with blood in stool and tender lumps near rectum. it fluctuates throughout the day.
Hypertension,persistent headaches with occasional nosebleeds and blurred vision. this has been going on for 12 weeks now. it's moderate in intensity.
Dengue,Acute fever headache myalgia and petechial rash on arms. I've been feeling this way for about 1 days.
Fungal infection,Ring-shaped rash on my groin area with burning and peeling skin. I noticed this around 10 days back. the symptoms are worsening daily.
Malaria,Periodic high temperature with headache and enlarged spleen area pain. it fluctuates throughout the day.
gastroesophageal reflux disease,Burning sensation in my chest after eating with acid taste in mouth. This has been going on for 4 weeks now. it's mild but persistent.
Malaria,Cyclical fever pattern with intense chills sweating and weakness. it's mild but persistent. I'm quite worried about it. This has been going on for 5 weeks now.
Acne,frequent breakouts with inflamed pimples and oily skin on my face. this has been going on for 11 weeks now. it's mild but persistent. i also feel generally unwell.
Bronchial Asthma,My breathing gets worse with dust and cold air with chest tightness.
peptic ulcer disease,upper stomach pain worse on empty stomach with dark tarry stools. i noticed this around 11 days back. it's mild but persistent.
gastroesophageal reflux disease,Acid reflux causing burning throat especially after heavy meals. the symptoms are worsening daily.
peptic ulcer disease,Epigastric pain that wakes me up at night with acid reflux. It started 10 days ago and hasn't improved. This is the first time I've had this.
Dengue,Acute fever headache myalgia and petechial rash on arms. I'm quite worried about it. It started 10 days ago and hasn't improved. it comes and goes.
Bronchial Asthma,i have wheezing and difficulty breathing especially at night and during exercise. it comes and goes. my appetite has decreased.
Dengue,Fever with intense joint pain nausea vomiting and fatigue.
allergy,sneezing fits with nasal congestion itchy eyes triggered by pollen. my family member had similar symptoms. this has been going on for 10 weeks now.
Pneumonia,Chest tightness with painful breathing rapid heartbeat and cough with phlegm. It started 5 days ago and hasn't improved. it's moderate in intensity.
Chicken pox,Rash that started as red spots and turned into blisters spreading everywhere. it's getting progressively worse. I had something similar years ago. I noticed this around 4 days back.
urinary tract infection,Constant urge to urinate with burning sensation and mild fever. the symptoms are worsening daily.
Dimorphic hemorrhoids(piles),Itching and discomfort around the rectum with blood on toilet paper. My appetite has decreased. it comes and goes.
allergy,seasonal symptoms with runny nose itchy eyes and constant sneezing. it started 14 days ago and hasn't improved. it comes and goes.
allergy,Seasonal symptoms with runny nose itchy eyes and constant sneezing. I've been feeling this way for about 10 days.
Cervical spondylosis,Neck pain with dizziness and radiating arm pain with numbness. This has been going on for 2 weeks now. it fluctuates throughout the day.
Bronchial Asthma,shortness of breath with chest constriction and persistent dry cough. it's quite severe. i noticed this around 11 days back.
diabetes,constant fatigue with increased hunger frequent urination and blurry vision. this is the first time i've had this. it started 2 days ago and hasn't improved.
peptic ulcer disease,upper stomach pain worse on empty stomach with dark tarry stools. it comes and goes.
Acne,i have pimples and blackheads on my face chin and forehead. the symptoms are worsening daily. i've been feeling this way for about 6 days.
Bronchial Asthma,Episodes of difficulty breathing with audible wheeze triggered by allergens. I've been more tired than usual. This has been going on for 10 weeks now.
urinary tract infection,Urgency to urinate with dysuria and suprapubic discomfort. This is the first time I've had this.
urinary tract infection,pain during urination with strong smelling urine and pelvic pressure. i've been feeling this way for about 12 days. it fluctuates throughout the day.
Dimorphic hemorrhoids(piles),swollen painful hemorrhoids that protrude during straining. it fluctuates throughout the day. my appetite has decreased. it started 1 days ago and hasn't improved.
Jaundice,yellowish tint to skin and whites of eyes with nausea and fatigue. my appetite has decreased. it's moderate in intensity. i've been feeling this way for about 13 days.
Migraine,One-sided head pain with zigzag visual patterns nausea and photophobia. I noticed this around 6 days back. I've been more tired than usual.
drug reaction,Fever and skin rash with joint pain after starting new medicine. it's mild but persistent.
Typhoid,fever that won't go down with poor appetite nausea and abdominal tenderness. i also feel generally unwell. i noticed this around 8 days back.
Typhoid,Fever that won't go down with poor appetite nausea and abdominal tenderness. it's mild but persistent. I've been feeling this way for about 10 days.
diabetes,frequent urination especially at night with unquenchable thirst. it's moderate in intensity. it started 5 days ago and hasn't improved. my appetite has decreased.
allergy,i have watery eyes runny nose sneezing and itchy throat after exposure to dust. it's mild but persistent. this has been going on for 7 weeks now. i haven't been sleeping well because of this.
Fungal infection,my feet have peeling itchy skin between the toes with a bad smell. i've been feeling this way for about 13 days. it's getting progressively worse.
Pneumonia,sharp pain in chest when coughing high temperature and extreme fatigue. this has been going on for 1 weeks now. i tried home remedies but nothing helps. it's getting progressively worse.
urinary tract infection,burning urination with blood in urine and lower abdominal pain. i noticed this around 2 days back.
allergy,Sneezing fits with nasal congestion itchy eyes triggered by pollen. I haven't been sleeping well because of this. I've been feeling this way for about 1 days. it's mild but persistent.
peptic ulcer disease,Gnawing pain in upper abdomen with bloating nausea and vomiting. I've been more tired than usual. I noticed this around 10 days back. the symptoms are worsening daily.
Hypertension,Throbbing headache with visual disturbances and pounding heartbeat.
Dimorphic hemorrhoids(piles),Swollen painful hemorrhoids that protrude during straining. I noticed this around 14 days back.
Chicken pox,Red bumps that turned into tiny blisters with clear fluid and mild fever.
Bronchial Asthma,Chronic cough at night with wheezing and feeling of suffocation. I noticed this around 9 days back.
Typhoid,i have sustained high fever for over a week with severe headache and fatigue. i'm quite worried about it.
Cervical spondylosis,Chronic neck pain worse in the morning with shoulder blade discomfort. It started 9 days ago and hasn't improved. it comes and goes. I tried home remedies but nothing helps.
allergy,Sneezing fits with nasal congestion itchy eyes triggered by pollen. This has been going on for 2 weeks now. This is the first time I've had this.
Chicken pox,Small fluid-filled blisters appeared on my chest face and back with itching. it's mild but persistent. I've been feeling this way for about 12 days.
Malaria,Recurring fever every two days with shaking chills and body aches. I've been more tired than usual. it's getting progressively worse.
Dengue,very high fever with severe headache pain behind the eyes and joint pain. this has been going on for 5 weeks now. it's affecting my daily routine.
Dengue,sudden high fever with muscle aches bone pain and skin rash. it started 6 days ago and hasn't improved. it comes and goes.
drug reaction,Allergic skin reaction with blistering after taking painkillers. It started 7 days ago and hasn't improved.
Pneumonia,chest tightness with painful breathing rapid heartbeat and cough with phlegm. i noticed this around 3 days back. my appetite has decreased.
Typhoid,i have sustained high fever for over a week with severe headache and fatigue. i've been feeling this way for about 10 days. it's mild but persistent.
Impetigo,Itchy red sores with golden crusts on the skin around my nose. I had something similar years ago. it's quite severe. It started 11 days ago and hasn't improved.
Jaundice,Yellowish tint to skin and whites of eyes with nausea and fatigue.
Impetigo,small blisters that break open and weep fluid forming thick crusts. this is the first time i've had this. i noticed this around 7 days back.
peptic ulcer disease,Burning stomach pain that gets worse when hungry and better after eating. I haven't been sleeping well because of this. It started 4 days ago and hasn't improved.
Common Cold,sneezing frequently with nasal congestion and slight body aches. it's getting progressively worse.
Malaria,Periodic high temperature with headache and enlarged spleen area pain. I noticed this around 7 days back. it comes and goes.
Impetigo,blisters that ooze and form yellowish brown scabs near the mouth. it comes and goes. i noticed this around 3 days back. this is the first time i've had this.
Bronchial Asthma,Tight chest with shortness of breath and whistling sound when exhaling. I noticed this around 7 days back. I haven't been sleeping well because of this.
Psoriasis,my skin has thick silvery scales and dry cracked areas that sometimes bleed. i noticed this around 3 days back. the symptoms are worsening daily. i haven't been sleeping well because of this.
Typhoid,fever that won't go down with poor appetite nausea and abdominal tenderness. i tried home remedies but nothing helps. this has been going on for 12 weeks now. the symptoms are worsening daily.
Hypertension,dizziness with ringing in ears and consistently high blood pressure. my appetite has decreased. i've been feeling this way for about 13 days. it's moderate in intensity.
allergy,i have watery eyes runny nose sneezing and itchy throat after exposure to dust. it's moderate in intensity. i tried home remedies but nothing helps.
drug reaction,Skin eruption with fever and swollen lymph nodes after taking antibiotics. it's mild but persistent. It started 3 days ago and hasn't improved.
Pneumonia,severe cough with greenish phlegm high fever and chest pain when breathing. i also feel generally unwell.
Hypertension,Persistent headaches with occasional nosebleeds and blurred vision. This has been going on for 13 weeks now.
diabetes,Tingling in hands and feet with excessive thirst and frequent urination. I had something similar years ago. it's getting progressively worse.
Fungal infection,itchy moist area in skin folds with reddish discoloration. i've been feeling this way for about 11 days. it's moderate in intensity.
Bronchial Asthma,i have wheezing and difficulty breathing especially at night and during exercise. i've been feeling this way for about 10 days. it's moderate in intensity.
Migraine,unilateral throbbing headache with nausea vomiting and phonophobia. it's getting progressively worse.
allergy,allergic reaction with swollen lips itching and red blotchy skin.
Bronchial Asthma,Episodes of difficulty breathing with audible wheeze triggered by allergens. the symptoms are worsening daily. It started 1 days ago and hasn't improved.
Bronchial Asthma,Chronic cough at night with wheezing and feeling of suffocation. This has been going on for 3 weeks now. I also feel generally unwell.
diabetes,Extreme thirst with frequent trips to bathroom and slow healing wounds.
peptic ulcer disease,Burning stomach pain that gets worse when hungry and better after eating. This is the first time I've had this. I've been feeling this way for about 1 days.
Cervical spondylosis,chronic neck pain worse in the morning with shoulder blade discomfort.
Bronchial Asthma,Chronic cough at night with wheezing and feeling of suffocation. This has been going on for 1 weeks now. it's moderate in intensity.
gastroesophageal reflux disease,frequent heartburn with belching bloating and chest discomfort. it started 4 days ago and hasn't improved.
Acne,i have pimples and blackheads on my face chin and forehead. it fluctuates throughout the day.
Hypertension,persistent headaches with occasional nosebleeds and blurred vision. my family member had similar symptoms. this has been going on for 8 weeks now.
Acne,i have pimples and blackheads on my face chin and forehead. it's getting progressively worse. it started 12 days ago and hasn't improved.
Arthritis,bilateral joint swelling with tenderness and difficulty gripping objects. the symptoms are worsening daily.
drug reaction,Hives and swelling with itching that started after medication change. This has been going on for 8 weeks now. My appetite has decreased.
Arthritis,chronic joint pain with morning stiffness lasting more than an hour. it started 2 days ago and hasn't improved. my appetite has decreased.
Migraine,Intense pulsating pain in my head with aura visual disturbances and vomiting. My appetite has decreased. I noticed this around 6 days back. it's mild but persistent.
peptic ulcer disease,Burning pain between meals with bloating belching and poor appetite. This has been going on for 3 weeks now.
Dimorphic hemorrhoids(piles),I have painful swelling near my anus with bleeding during bowel movements. My appetite has decreased. I've been feeling this way for about 11 days. it's moderate in intensity.
Varicose veins,swollen veins on my lower legs with itching and a burning sensation. i tried home remedies but nothing helps. this has been going on for 1 weeks now.
gastroesophageal reflux disease,Heartburn that gets worse when lying down with regurgitation of food. it fluctuates throughout the day. It started 4 days ago and hasn't improved. I haven't been sleeping well because of this.
Acne,Frequent breakouts with inflamed pimples and oily skin on my face. I noticed this around 1 days back.
Migraine,one-sided head pain with zigzag visual patterns nausea and photophobia. it's getting progressively worse. i'm quite worried about it. this has been going on for 9 weeks now.
Malaria,intermittent fever with chills nausea vomiting and muscle pain. this has been going on for 10 weeks now.
Malaria,high fever alternating with chills and sweats with body pain and nausea. i noticed this around 2 days back. it's moderate in intensity.
gastroesophageal reflux disease,Burning in upper abdomen and chest with acidic taste especially at night. My appetite has decreased. it comes and goes.
Impetigo,Crusty skin lesions near mouth and chin that appeared after a scratch. I'm quite worried about it.
Common Cold,Runny nose sore throat and general feeling of being unwell. it's getting progressively worse. This is the first time I've had this.
Cervical spondylosis,Chronic neck pain worse in the morning with shoulder blade discomfort. This has been going on for 8 weeks now. My appetite has decreased.
Malaria,Periodic high temperature with headache and enlarged spleen area pain. I've been feeling this way for about 3 days. it's quite severe.
Common Cold,i caught a cold with blocked nose coughing and mild headache. it's getting progressively worse. i had something similar years ago. this has been going on for 6 weeks now.
Cervical spondylosis,Stiff neck with grinding sensation and headaches starting from the back of head. I've been feeling this way for about 1 days. This is the first time I've had this. it's moderate in intensity.
drug reaction,Allergic skin reaction with blistering after taking painkillers. the symptoms are worsening daily.
gastroesophageal reflux disease,Burning in upper abdomen and chest with acidic taste especially at night. I'm quite worried about it.
Bronchial Asthma,recurrent episodes of breathlessness with dry cough and wheezing. i tried home remedies but nothing helps.
Bronchial Asthma,Tight chest with shortness of breath and whistling sound when exhaling. it's mild but persistent. I noticed this around 10 days back.
allergy,nasal congestion with itchy watery eyes and scratchy throat from pet dander. it's mild but persistent. my family member had similar symptoms. i've been feeling this way for about 6 days.
Migraine,intense pulsating pain in my head with aura visual disturbances and vomiting. the symptoms are worsening daily. i've been feeling this way for about 10 days. my family member had similar symptoms.
Hypertension,frequent dizziness headaches and shortness of breath on exertion. it's quite severe. it started 9 days ago and hasn't improved.
Varicose veins,I have throbbing pain in my legs with spider veins spreading on my shins. I've been feeling this way for about 14 days. it's mild but persistent.
Jaundice,progressive yellowing of skin with itching fatigue and poor appetite. i had something similar years ago.
Pneumonia,persistent cough with rust-colored sputum fever and shortness of breath. i've been feeling this way for about 4 days.
Arthritis,swollen painful joints in my hands and knees with reduced range of motion. i've been more tired than usual. this has been going on for 6 weeks now. it fluctuates throughout the day.
drug reaction,Hives and swelling with itching that started after medication change. the symptoms are worsening daily.
drug reaction,i developed a rash and itching all over after starting a new medication. i haven't been sleeping well because of this. i noticed this around 9 days back. it's moderate in intensity.
urinary tract infection,Burning sensation when urinating with frequent urge to go and cloudy urine. it comes and goes. It's affecting my daily routine. I've been feeling this way for about 1 days.
Cervical spondylosis,chronic neck pain worse in the morning with shoulder blade discomfort. i've been feeling this way for about 8 days.
Impetigo,red sores on my face around nose and mouth that burst and form crusts. this is the first time i've had this. it started 12 days ago and hasn't improved.
Typhoid,I have sustained high fever for over a week with severe headache and fatigue. I've been feeling this way for about 5 days. it fluctuates throughout the day. I had something similar years ago.
drug reaction,red blotchy rash appeared hours after taking my new prescription. i've been feeling this way for about 8 days. it's affecting my daily routine.
Psoriasis,My nails have become pitted and ridged and I have plaques on my arms. it comes and goes. This has been going on for 5 weeks now.
gastroesophageal reflux disease,chronic chest burning with sour taste and difficulty swallowing. my family member had similar symptoms.
Impetigo,my child has honey-colored crusty sores spreading on the face and hands. i've been more tired than usual. i've been feeling this way for about 5 days. it's getting progressively worse.
Common Cold,i have a runny nose sneezing sore throat and mild cough. this is the first time i've had this. the symptoms are worsening daily. it started 13 days ago and hasn't improved.
Dengue,acute fever headache myalgia and petechial rash on arms. it's affecting my daily routine.
Pneumonia,High fever shaking chills and cough producing thick yellow mucus. I noticed this around 11 days back. I also feel generally unwell.
Common Cold,mild sore throat with runny nose and feeling a bit tired. it's mild but persistent.
Acne,deep painful cysts under the skin with multiple blackheads on nose. it's mild but persistent. i noticed this around 14 days back.
drug reaction,Fever and skin rash with joint pain after starting new medicine. I also feel generally unwell. the symptoms are worsening daily.
Bronchial Asthma,I have wheezing and difficulty breathing especially at night and during exercise. My family member had similar symptoms. it's quite severe. I noticed this around 1 days back.
Arthritis,My joints are stiff and painful especially in the morning and it takes hours to loosen up. I noticed this around 7 days back. it fluctuates throughout the day.
Varicose veins,Swollen veins on my lower legs with itching and a burning sensation. I also feel generally unwell. it's quite severe.
Psoriasis,My nails have become pitted and ridged and I have plaques on my arms. It started 4 days ago and hasn't improved. it's getting progressively worse.
drug reaction,i developed a rash and itching all over after starting a new medication. this is the first time i've had this. it's getting progressively worse. this has been going on for 13 weeks now.
Dimorphic hemorrhoids(piles),Itching and discomfort around the rectum with blood on toilet paper. it fluctuates throughout the day. It started 9 days ago and hasn't improved.
Common Cold,runny nose sore throat and general feeling of being unwell. it fluctuates throughout the day. this has been going on for 14 weeks now. i also feel generally unwell.
Chicken pox,Widespread itchy rash with blisters crusting over and new ones appearing. I've been feeling this way for about 11 days. it fluctuates throughout the day.
Cervical spondylosis,Pain in my neck spreading to arms with occasional muscle weakness. I've been more tired than usual.
Impetigo,crusty skin lesions near mouth and chin that appeared after a scratch. my appetite has decreased.
Cervical spondylosis,Grinding noise when turning neck with stiffness and arm weakness. it's getting progressively worse. This has been going on for 8 weeks now.
drug reaction,Itchy raised welts with facial swelling following drug administration. I've been feeling this way for about 13 days.
Malaria,Cyclical fever pattern with intense chills sweating and weakness. it comes and goes.
Fungal infection,Circular rash with clear center and red scaly border on my torso. it's getting progressively worse. I've been feeling this way for about 9 days.
Migraine,Unilateral throbbing headache with nausea vomiting and phonophobia. I've been feeling this way for about 10 days.
Dengue,i feel terrible with high fever body aches and a flat red rash appearing. i noticed this around 8 days back. i've been more tired than usual. it's getting progressively worse.
gastroesophageal reflux disease,persistent heartburn with globus sensation and epigastric burning. i've been feeling this way for about 7 days.
Dimorphic hemorrhoids(piles),swollen painful hemorrhoids that protrude during straining. it started 10 days ago and hasn't improved. the symptoms are worsening daily.
Jaundice,my skin and eyes have turned yellow with dark urine and pale stools. it started 14 days ago and hasn't improved. my appetite has decreased. it's mild but persistent.
Dengue,Severe fever with break-bone pain rash and swollen lymph nodes. This has been going on for 2 weeks now.
allergy,seasonal symptoms with runny nose itchy eyes and constant sneezing.
Impetigo,red painful sores that became crusty and are spreading to other areas. this has been going on for 5 weeks now. the symptoms are worsening daily.
Chicken pox,Fever followed by intensely itchy rash with small blisters all over body. This has been going on for 7 weeks now. it's moderate in intensity. I'm quite worried about it.
Migraine,one-sided head pain with zigzag visual patterns nausea and photophobia. it's affecting my daily routine.
Pneumonia,I can barely breathe with fever chills and coughing up thick mucus. it's moderate in intensity. This has been going on for 1 weeks now. I also feel generally unwell.
Migraine,Unilateral throbbing headache with nausea vomiting and phonophobia. I've been feeling this way for about 13 days.
peptic ulcer disease,Recurring gnawing abdominal pain with nausea and feeling of fullness. I had something similar years ago. It started 12 days ago and hasn't improved.
Acne,Deep painful cysts under the skin with multiple blackheads on nose. It started 2 days ago and hasn't improved.
gastroesophageal reflux disease,chest pain after meals with acid coming up into throat. i noticed this around 7 days back. it's quite severe.
gastroesophageal reflux disease,persistent heartburn with globus sensation and epigastric burning. i tried home remedies but nothing helps. it comes and goes. it started 10 days ago and hasn't improved.
peptic ulcer disease,Stomach pain relieved by food but returns hours later with bloating. it comes and goes. It's affecting my daily routine. This has been going on for 8 weeks now.
Impetigo,Red painful sores that became crusty and are spreading to other areas. it's quite severe. It's affecting my daily routine.
Psoriasis,Burning sensation on scaly red patches near my hairline and behind ears. I noticed this around 4 days back.
Cervical spondylosis,Stiff neck with grinding sensation and headaches starting from the back of head. it's mild but persistent. It started 5 days ago and hasn't improved.
Arthritis,My joints are stiff and painful especially in the morning and it takes hours to loosen up. it comes and goes. This is the first time I've had this.
diabetes,extreme thirst with frequent trips to bathroom and slow healing wounds. i'm quite worried about it. it started 8 days ago and hasn't improved. it's getting progressively worse.
Varicose veins,my legs cramp at night and twisted veins are becoming more prominent. it's mild but persistent. it started 4 days ago and hasn't improved.
Malaria,recurring fever every two days with shaking chills and body aches. this is the first time i've had this. i've been feeling this way for about 6 days.
Acne,red inflamed papules and pustules on cheeks with excess oil production. i've been feeling this way for about 12 days. it comes and goes.
Cervical spondylosis,Neck stiffness with reduced mobility and tingling in both hands. it fluctuates throughout the day. I noticed this around 10 days back. My appetite has decreased.
Impetigo,itchy red sores with golden crusts on the skin around my nose. i noticed this around 6 days back. my appetite has decreased.
Psoriasis,I noticed reddish spots with silvery buildup on my lower back and legs. It's affecting my daily routine. I've been feeling this way for about 4 days. it comes and goes.
Fungal infection,Itchy moist area in skin folds with reddish discoloration. This has been going on for 13 weeks now.
Bronchial Asthma,wheezing attacks with rapid breathing and inability to catch my breath. i've been feeling this way for about 5 days. it fluctuates throughout the day.
Common Cold,Stuffy nose with clear watery discharge and scratchy throat. I've been feeling this way for about 7 days. it's moderate in intensity. I also feel generally unwell.
Chicken pox,I have itchy red blisters all over my body with mild fever. I've been more tired than usual. I noticed this around 12 days back.
Jaundice,dark brown urine with jaundiced skin and tenderness below right ribs.
Psoriasis,there are raised inflamed lesions on my skin covered with whitish scales. i tried home remedies but nothing helps. it fluctuates throughout the day.
Bronchial Asthma,Shortness of breath with chest constriction and persistent dry cough. it's quite severe.
diabetes,i'm always thirsty urinating frequently and losing weight despite eating well. it's getting progressively worse. it started 13 days ago and hasn't improved.
Jaundice,my skin and eyes have turned yellow with dark urine and pale stools. the symptoms are worsening daily. i've been feeling this way for about 7 days.
Acne,Deep painful cysts under the skin with multiple blackheads on nose. I haven't been sleeping well because of this. it's quite severe. I noticed this around 12 days back.
diabetes,Constant fatigue with increased hunger frequent urination and blurry vision. My family member had similar symptoms. I've been feeling this way for about 9 days. it's moderate in intensity.
Hypertension,throbbing headache with visual disturbances and pounding heartbeat. i had something similar years ago. the symptoms are worsening daily.
allergy,Seasonal symptoms with runny nose itchy eyes and constant sneezing. My family member had similar symptoms. I've been feeling this way for about 10 days.
Chicken pox,i have itchy red blisters all over my body with mild fever. it comes and goes. this has been going on for 7 weeks now. my family member had similar symptoms.
allergy,Itchy red welts on skin with swelling and difficulty breathing. I noticed this around 4 days back. I also feel generally unwell.
Hypertension,I have frequent headaches dizziness and my blood pressure readings are high. I've been feeling this way for about 11 days. My appetite has decreased. it's getting progressively worse.
Arthritis,my knees and fingers are swollen tender and difficult to move. i had something similar years ago. it's moderate in intensity.
drug reaction,Allergic skin reaction with blistering after taking painkillers. I noticed this around 7 days back. it fluctuates throughout the day.
Dimorphic hemorrhoids(piles),swollen painful hemorrhoids that protrude during straining. the symptoms are worsening daily. i've been more tired than usual.
Malaria,High fever with rigors profuse sweating and extreme fatigue. I've been more tired than usual. the symptoms are worsening daily. I noticed this around 2 days back.
Migraine,unilateral throbbing headache with nausea vomiting and phonophobia. i've been feeling this way for about 12 days.
Dengue,fever with intense joint pain nausea vomiting and fatigue. i've been feeling this way for about 9 days.
Psoriasis,Burning sensation on scaly red patches near my hairline and behind ears. I've been more tired than usual. I noticed this around 4 days back.
Dimorphic hemorrhoids(piles),Swollen painful hemorrhoids that protrude during straining. it's moderate in intensity. I noticed this around 3 days back. I had something similar years ago.
Dengue,fever with intense joint pain nausea vomiting and fatigue. it's quite severe. i've been more tired than usual.
allergy,Seasonal symptoms with runny nose itchy eyes and constant sneezing. It started 6 days ago and hasn't improved.
Common Cold,stuffy nose with clear watery discharge and scratchy throat. it started 4 days ago and hasn't improved.
Jaundice,dark brown urine with jaundiced skin and tenderness below right ribs. this has been going on for 9 weeks now.
Fungal infection,i have circular red patches on my skin with raised edges that are itchy. i noticed this around 5 days back. it fluctuates throughout the day.
Cervical spondylosis,chronic neck pain with numbness and tingling in my fingers. it's moderate in intensity.
Typhoid,Week-long fever with coated tongue muscle pain and general malaise. My appetite has decreased. This has been going on for 4 weeks now. it's mild but persistent.
Malaria,High fever alternating with chills and sweats with body pain and nausea. My family member had similar symptoms. it comes and goes. I noticed this around 7 days back.
peptic ulcer disease,gnawing pain in upper abdomen with bloating nausea and vomiting. it comes and goes. i've been feeling this way for about 11 days.
Varicose veins,My legs cramp at night and twisted veins are becoming more prominent. This has been going on for 9 weeks now.
Fungal infection,Itchy moist area in skin folds with reddish discoloration. I've been feeling this way for about 6 days.
Dimorphic hemorrhoids(piles),rectal bleeding with itchy swollen tissue around the anal area. this has been going on for 10 weeks now. the symptoms are worsening daily. i also feel generally unwell.
Typhoid,Prolonged fever with stomach pain diarrhea and loss of appetite. I've been feeling this way for about 2 days.
gastroesophageal reflux disease,Acid reflux causing burning throat especially after heavy meals. it's getting progressively worse.
drug reaction,Red blotchy rash appeared hours after taking my new prescription. I noticed this around 5 days back. it's quite severe.
peptic ulcer disease,Burning pain between meals with bloating belching and poor appetite. I tried home remedies but nothing helps. I noticed this around 4 days back. it's moderate in intensity.
Malaria,recurring fever every two days with shaking chills and body aches. i've been feeling this way for about 4 days.
peptic ulcer disease,Gnawing pain in upper abdomen with bloating nausea and vomiting.
